barcode,is_cell,contig_id,high_confidence,length,chain,v_gene,d_gene,j_gene,c_gene,full_length,productive,cdr3,cdr3_nt,reads,umis,raw_clonotype_id,raw_consensus_id
AACTCCCAGGCTAGGT-1,True,AACTCCCAGGCTAGGT-1_contig_1,True,642,IGL,IGLV5-45,None,IGLJ3,IGLC2,True,True,CMIWHSSAWVF,TGTATGATTTGGCACAGCAGCGCTTGGGTGTTC,21520,79,clonotype2,clonotype2_consensus_1
AACTCCCAGGCTAGGT-1,True,AACTCCCAGGCTAGGT-1_contig_2,True,541,IGH,IGHV4-61,IGHD3-3,IGHJ6,IGHM,True,True,CARENYDFWSGYYHGADVW,TGTGCGAGAGAAAATTACGATTTTTGGAGTGGTTATTACCACGGTGCGGACGTCTGG,2859,16,clonotype2,clonotype2_consensus_2
AACTCCCAGGCTAGGT-1,True,AACTCCCAGGCTAGGT-1_contig_3,True,644,IGL,IGLV2-11,None,IGLJ3,IGLC3,True,False,None,None,3993,14,clonotype2,None
AACTCCCAGGCTAGGT-1,True,AACTCCCAGGCTAGGT-1_contig_4,True,476,IGH,None,IGHD2-15,IGHJ4,IGHM,False,False,None,None,214,2,clonotype2,None
AACTCTTGTCATCGGC-1,True,AACTCTTGTCATCGGC-1_contig_1,True,577,IGH,IGHV3-21,IGHD3-22,IGHJ4,IGHM,True,True,CARRYYDSSGYSANFDYW,TGTGCGAGACGTTACTATGATAGTAGTGGTTATTCCGCAAACTTTGACTACTGG,13340,73,clonotype3,clonotype3_consensus_1
AACTCTTGTCATCGGC-1,True,AACTCTTGTCATCGGC-1_contig_2,True,627,IGL,IGLV4-69,None,IGLJ1,IGLC1,True,True,CQTWGTGIYVF,TGTCAGACCTGGGGCACTGGCATTTATGTCTTC,5862,21,clonotype3,clonotype3_consensus_2
AACTCTTGTCATCGGC-1,True,AACTCTTGTCATCGGC-1_contig_3,True,752,IGL,IGLV4-69,None,IGLJ3,IGLC3,True,False,None,None,5540,20,clonotype3,None
AACTCTTGTCATCGGC-1,True,AACTCTTGTCATCGGC-1_contig_4,True,537,IGH,None,None,IGHJ6,IGHM,False,False,None,None,1399,7,clonotype3,None
AACTCTTTCACAACGT-1,True,AACTCTTTCACAACGT-1_contig_1,True,580,IGH,IGHV3-23,None,IGHJ4,IGHM,True,True,CAKAGDSSGYQKTYYFDYW,TGTGCGAAAGCAGGCGATAGTAGTGGTTACCAAAAGACGTACTACTTTGACTACTGG,6679,37,clonotype4,clonotype4_consensus_2
AACTCTTTCACAACGT-1,True,AACTCTTTCACAACGT-1_contig_2,True,628,IGL,IGLV3-25,None,IGLJ3,IGLC3,True,True,CQSADSSGTYGVF,TGTCAATCAGCAGACAGCAGTGGTACTTATGGGGTGTTC,7854,31,clonotype4,clonotype4_consensus_1
AACTCTTTCACAACGT-1,True,AACTCTTTCACAACGT-1_contig_3,True,644,IGL,IGLV5-45,None,IGLJ3,IGLC2,True,False,None,None,2074,9,clonotype4,None
AACTGGTTCTCTAAGG-1,True,AACTGGTTCTCTAAGG-1_contig_1,True,624,IGL,IGLV3-1,None,IGLJ2,IGLC2,True,True,CQAWDSSNVVF,TGTCAGGCGTGGGACAGCAGCAATGTGGTATTC,8869,34,clonotype5,clonotype5_consensus_1
AACTGGTTCTCTAAGG-1,True,AACTGGTTCTCTAAGG-1_contig_2,True,590,IGH,IGHV3-15,None,IGHJ4,IGHM,True,True,CTTEALDYGANSRSPNFDYW,TGTACCACAGAAGCTTTAGACTACGGTGCTAACTCGCGATCCCCGAACTTTGACTACTGG,2934,17,clonotype5,clonotype5_consensus_2
AATCCAGTCAGTTGAC-1,True,AATCCAGTCAGTTGAC-1_contig_1,True,568,IGK,IGKV3-20,None,IGKJ3,IGKC,True,True,CQQYGSSPPFTF,TGTCAGCAGTATGGTAGCTCACCTCCATTCACTTTC,11515,36,clonotype6,clonotype6_consensus_2
AATCCAGTCAGTTGAC-1,True,AATCCAGTCAGTTGAC-1_contig_2,True,587,IGH,IGHV3-33,None,IGHJ6,IGHM,True,True,CAKDTEVGASRYYYYYGMDVW,TGTGCGAAAGATACTGAAGTGGGAGCGAGCCGATACTACTACTACTACGGTATGGACGTCTGG,5401,25,clonotype6,clonotype6_consensus_1
AATCGGTGTGGTGTAG-1,True,AATCGGTGTGGTGTAG-1_contig_1,True,529,IGH,IGHV4-31,None,IGHJ4,IGHM,True,True,CASISMVRGEGGGYW,TGTGCCAGCATCTCTATGGTTCGGGGAGAAGGGGGGGGCTACTGG,4749,23,clonotype7,clonotype7_consensus_1
AATCGGTGTGGTGTAG-1,True,AATCGGTGTGGTGTAG-1_contig_2,True,636,IGL,IGLV3-21,None,IGLJ2,IGLC2,True,True,CQVWDSSSDHPVVF,TGTCAGGTGTGGGATAGTAGTAGTGATCATCCGGTGGTATTC,3906,16,clonotype7,clonotype7_consensus_2
AATCGGTGTTAGGGTG-1,True,AATCGGTGTTAGGGTG-1_contig_1,True,566,IGK,IGKV4-1,None,IGKJ5,IGKC,True,True,CQQYYSTPITF,TGTCAGCAATATTATAGTACTCCGATCACCTTC,11136,41,clonotype8,clonotype8_consensus_2
AATCGGTGTTAGGGTG-1,True,AATCGGTGTTAGGGTG-1_contig_2,True,548,IGH,IGHV1-18,None,IGHJ4,IGHM,True,True,CARADVVVVAALDYW,TGTGCGAGGGCGGACGTAGTGGTGGTAGCTGCACTTGACTACTGG,9778,41,clonotype8,clonotype8_consensus_1
ACACCGGGTTATTCTC-1,True,ACACCGGGTTATTCTC-1_contig_1,True,551,IGK,IGKV1-8,None,IGKJ1,IGKC,True,True,CQQYYSYPRTF,TGTCAACAGTATTATAGTTACCCTCGGACGTTC,10563,37,clonotype9,clonotype9_consensus_1
ACACCGGGTTATTCTC-1,True,ACACCGGGTTATTCTC-1_contig_2,True,580,IGH,IGHV3-23,IGHD2-15,IGHJ4,IGHM,True,True,CAKDFSGGEVVVVAATDYW,TGTGCGAAAGATTTTTCAGGGGGAGAGGTAGTGGTGGTAGCTGCTACCGACTACTGG,3987,24,clonotype9,clonotype9_consensus_2
ACCTTTAAGACAAAGG-1,True,ACCTTTAAGACAAAGG-1_contig_1,True,554,IGK,IGKV1D-39,None,IGKJ2,IGKC,True,True,CQQSYSTPGTF,TGTCAACAGAGTTACAGTACCCCGGGGACTTTT,15018,53,clonotype10,clonotype10_consensus_1
ACCTTTAAGACAAAGG-1,True,ACCTTTAAGACAAAGG-1_contig_2,True,548,IGH,IGHV1-18,None,IGHJ4,IGHM,True,True,CARTGVTTVTTFPYW,TGTGCGAGAACGGGGGTGACTACGGTGACTACGTTCCCCTACTGG,8865,34,clonotype10,clonotype10_consensus_2
ACCTTTAAGACAAAGG-1,True,ACCTTTAAGACAAAGG-1_contig_3,True,616,IGH,IGHV3-7,None,IGHJ4,IGHD,True,False,None,None,991,6,clonotype10,None
ACCTTTAGTTCGTGAT-1,True,ACCTTTAGTTCGTGAT-1_contig_1,True,577,IGH,IGHV3-48,None,IGHJ6,IGHM,True,True,CARDRWVVAAYYYGMDVW,TGTGCGAGAGATCGATGGGTGGTAGCTGCATACTACTACGGTATGGACGTCTGG,5641,30,clonotype11,clonotype11_consensus_2
ACCTTTAGTTCGTGAT-1,True,ACCTTTAGTTCGTGAT-1_contig_2,True,646,IGL,IGLV5-39,None,IGLJ3,IGLC3,True,True,CAIWYSSTWVF,TGTGCCATTTGGTACAGCAGCACTTGGGTGTTC,8762,36,clonotype11,clonotype11_consensus_1
ACCTTTAGTTCGTGAT-1,True,ACCTTTAGTTCGTGAT-1_contig_3,True,634,IGL,IGLV7-43,None,IGLJ2,IGLC2,True,False,None,None,5112,20,clonotype11,None
ACCTTTAGTTCGTGAT-1,True,ACCTTTAGTTCGTGAT-1_contig_4,True,585,IGH,IGHV5-51,IGHD3-22,IGHJ4,IGHD,True,False,None,None,361,2,clonotype11,None
ACGCCAGCACGGACAA-1,True,ACGCCAGCACGGACAA-1_contig_1,True,568,IGK,IGKV2-28,None,IGKJ1,IGKC,True,True,CMQALQTPRTF,TGCATGCAAGCTCTACAAACTCCTCGGACGTTC,18510,67,clonotype12,clonotype12_consensus_1
ACGCCAGCACGGACAA-1,True,ACGCCAGCACGGACAA-1_contig_2,True,531,IGH,IGHV4-59,None,IGHJ6,IGHM,True,True,CARDPMVRGVNYGMDVW,TGTGCGAGAGATCCGATGGTTCGGGGAGTCAACTACGGTATGGACGTCTGG,7400,34,clonotype12,clonotype12_consensus_2
ACTGAACGTTTACTCT-1,True,ACTGAACGTTTACTCT-1_contig_1,True,560,IGK,IGKV3-20,None,IGKJ5,IGKC,True,True,CQQYGSSPQITF,TGTCAGCAGTATGGTAGCTCACCTCAGATCACCTTC,15259,48,clonotype13,clonotype13_consensus_2
ACTGAACGTTTACTCT-1,True,ACTGAACGTTTACTCT-1_contig_2,True,559,IGH,IGHV6-1,None,IGHJ3,IGHM,True,True,CVGVGYNYRRDGAFDIW,TGTGTAGGAGTTGGCTACAATTACAGGAGGGATGGAGCTTTTGATATCTGG,10631,48,clonotype13,clonotype13_consensus_1
AGCAGCCCAGCGTTCG-1,True,AGCAGCCCAGCGTTCG-1_contig_1,True,633,IGL,IGLV3-19,None,IGLJ2,IGLC2,True,True,CNSRDSSGNHLVF,TGTAACTCCCGGGACAGCAGTGGTAACCATCTGGTATTC,10950,43,clonotype14,clonotype14_consensus_2
AGCAGCCCAGCGTTCG-1,True,AGCAGCCCAGCGTTCG-1_contig_2,True,564,IGH,IGHV1-8,IGHD6-19,IGHJ6,IGHM,True,True,CARETGYSSGWYEATGMDVW,TGTGCGAGAGAGACCGGGTATAGCAGTGGCTGGTACGAAGCTACCGGTATGGACGTCTGG,10731,55,clonotype14,clonotype14_consensus_1
AGCAGCCCAGCGTTCG-1,True,AGCAGCCCAGCGTTCG-1_contig_3,True,670,IGL,IGLV5-37,None,IGLJ2,IGLC2,True,False,None,None,3871,15,clonotype14,None
AGCTCCTAGACGCAAC-1,True,AGCTCCTAGACGCAAC-1_contig_1,True,557,IGK,IGKV1D-39,None,IGKJ2,IGKC,True,True,CQQSYSTPYTF,TGTCAACAGAGTTACAGTACCCCCTACACTTTT,7006,24,clonotype15,clonotype15_consensus_2
AGCTCCTAGACGCAAC-1,True,AGCTCCTAGACGCAAC-1_contig_2,True,563,IGH,IGHV1-18,IGHD2-15,IGHJ5,IGHM,True,True,CARSKGCSGGSCYHNWFDPW,TGTGCGAGGTCTAAAGGGTGTAGTGGTGGTAGCTGCTACCACAACTGGTTCGACCCCTGG,13358,54,clonotype15,clonotype15_consensus_1
AGCTTGAAGAATGTGT-1,True,AGCTTGAAGAATGTGT-1_contig_1,True,586,IGH,IGHV3-33,IGHD3-10,IGHJ6,IGHM,True,True,CARDRYYYGSGRHRGSYYYYGMDVW,TGTGCGAGAGATCGGTACTACTATGGTTCGGGGAGACATAGAGGGAGCTACTACTACTACGGTATGGACGTCTGG,5091,25,clonotype16,clonotype16_consensus_1
AGCTTGAAGAATGTGT-1,True,AGCTTGAAGAATGTGT-1_contig_2,True,646,IGL,IGLV1-44,None,IGLJ3,IGLC3,True,True,CAAWDDSLNGWVF,TGTGCAGCATGGGATGACAGCCTGAATGGGTGGGTGTTC,6861,26,clonotype16,clonotype16_consensus_2
AGCTTGAAGAATGTGT-1,True,AGCTTGAAGAATGTGT-1_contig_3,True,334,IGH,None,None,IGHJ5,IGHD,False,False,None,None,891,2,clonotype16,None
AGGGATGTCCAATGGT-1,True,AGGGATGTCCAATGGT-1_contig_1,True,653,IGL,IGLV1-40,None,IGLJ3,IGLC3,True,True,CQSFDNSLSGSVF,TGCCAGTCCTTTGACAACAGTCTCAGTGGTTCAGTGTTC,14055,48,clonotype17,clonotype17_consensus_2
AGGGATGTCCAATGGT-1,True,AGGGATGTCCAATGGT-1_contig_2,True,621,IGH,IGHV3-33,None,IGHJ6,IGHD,True,True,CAKPEAGQWLHVHHNHYGLDVW,TGTGCGAAGCCGGAGGCTGGGCAGTGGCTGCATGTTCACCACAACCACTACGGACTGGACGTCTGG,2540,9,clonotype17,clonotype17_consensus_1
AGTTGGTAGAGTTGGC-1,True,AGTTGGTAGAGTTGGC-1_contig_1,True,551,IGK,IGKV1-16,None,IGKJ4,IGKC,True,True,CQQYNSYPLTF,TGCCAACAGTATAATAGTTACCCTCTCACTTTC,20888,82,clonotype18,clonotype18_consensus_2
AGTTGGTAGAGTTGGC-1,True,AGTTGGTAGAGTTGGC-1_contig_2,True,553,IGH,IGHV3-21,None,IGHJ4,IGHM,True,True,CAAIAVYVYW,TGTGCGGCAATAGCAGTGTATGTCTACTGG,6847,37,clonotype18,clonotype18_consensus_1
ATTGGTGCAAACTGCT-1,True,ATTGGTGCAAACTGCT-1_contig_1,True,578,IGH,IGHV3-30,None,IGHJ4,IGHM,True,True,CAKANLAGVVAAIGIDYW,TGTGCGAAAGCCAACTTGGCCGGGGTGGTAGCTGCTATAGGGATTGACTACTGG,3340,19,clonotype19,clonotype19_consensus_1
ATTGGTGCAAACTGCT-1,True,ATTGGTGCAAACTGCT-1_contig_2,True,645,IGL,IGLV1-47,None,IGLJ2,IGLC2,True,True,CAAWDDSLSGVVF,TGTGCAGCATGGGATGACAGCCTGAGTGGTGTGGTATTC,6557,23,clonotype19,clonotype19_consensus_2
ATTGGTGCAAACTGCT-1,True,ATTGGTGCAAACTGCT-1_contig_3,True,598,IGH,IGHV4-31,None,None,IGHM,False,False,None,None,262,1,clonotype19,None
ATTTCTGAGTGAATTG-1,True,ATTTCTGAGTGAATTG-1_contig_1,True,518,IGH,IGHV4-59,None,IGHJ5,IGHM,True,True,CARGIQLWWWFDPW,TGTGCGAGAGGGATACAGCTATGGTGGTGGTTCGACCCCTGG,2539,16,clonotype20,clonotype20_consensus_2
ATTTCTGAGTGAATTG-1,True,ATTTCTGAGTGAATTG-1_contig_2,True,552,IGK,IGKV1D-39,None,IGKJ5,IGKC,True,True,CQQSYSTPCTF,TGTCAACAGAGTTACAGTACCCCGTGCACCTTC,6736,27,clonotype20,clonotype20_consensus_1
ATTTCTGAGTGAATTG-1,True,ATTTCTGAGTGAATTG-1_contig_3,True,792,IGL,None,None,IGLJ1,IGLC1,False,False,None,None,462,2,clonotype20,None
CAAGATCCAAGCTGGA-1,True,CAAGATCCAAGCTGGA-1_contig_1,True,661,IGL,IGLV2-14,None,IGLJ1,IGLC1,True,True,CSSYTSSSTSYVF,TGCAGCTCATATACAAGCAGCAGCACTTCTTATGTCTTC,871,5,clonotype21,clonotype21_consensus_1
CAAGATCCAAGCTGGA-1,True,CAAGATCCAAGCTGGA-1_contig_2,True,565,IGH,IGHV1-69D,None,IGHJ6,IGHM,True,True,CASPQPGSGWSNYYYYGMDVW,TGTGCGAGTCCCCAACCGGGCAGTGGCTGGTCAAACTACTACTACTACGGTATGGACGTCTGG,485,4,clonotype21,clonotype21_consensus_2
CACAAACGTCATTAGC-1,True,CACAAACGTCATTAGC-1_contig_1,True,551,IGK,IGKV1-8,None,IGKJ1,IGKC,True,True,CQQYYSYPWTF,TGTCAACAGTATTATAGTTACCCGTGGACGTTC,5560,19,clonotype1,clonotype1_consensus_2
CACAAACGTCATTAGC-1,True,CACAAACGTCATTAGC-1_contig_2,True,580,IGH,IGHV3-33,None,IGHJ4,IGHM,True,True,CARDELDILTGYNIPTFGGCVYW,TGTGCGAGAGATGAGTTAGATATTTTGACTGGTTACAATATCCCAACCTTTGGGGGTTGTGTCTACTGG,4974,25,clonotype1,clonotype1_consensus_1
CACAAACGTGAAATCA-1,True,CACAAACGTGAAATCA-1_contig_1,True,701,IGH,IGHV3/OR16-12,None,IGHJ4,IGHG2,True,True,CVKEITAAKNRRKSLGYFFDFW,TGTGTAAAGGAGATAACAGCGGCCAAAAACCGCCGGAAGTCTTTGGGATACTTCTTTGACTTCTGG,812,9,clonotype22,clonotype22_consensus_1
CACAAACGTGAAATCA-1,True,CACAAACGTGAAATCA-1_contig_2,True,570,IGK,IGKV3D-15,None,IGKJ4,IGKC,True,True,CQQYNDWPPLTF,TGTCAGCAGTATAATGACTGGCCTCCGCTCACTTTC,23188,71,clonotype22,clonotype22_consensus_2
CACTCCACAAGTTAAG-1,True,CACTCCACAAGTTAAG-1_contig_1,True,565,IGH,IGHV3-33,None,IGHJ4,IGHM,True,True,CARDVCRGHYGDCLWGYW,TGTGCGAGAGATGTTTGTCGGGGACACTACGGTGACTGCCTGTGGGGATACTGG,8663,40,clonotype23,clonotype23_consensus_1
CACTCCACAAGTTAAG-1,True,CACTCCACAAGTTAAG-1_contig_2,True,551,IGK,IGKV1-8,None,IGKJ5,IGKC,True,True,CQQYYSYPITF,TGTCAACAGTATTATAGTTACCCTATCACCTTC,8882,31,clonotype23,clonotype23_consensus_2
CACTCCACAAGTTAAG-1,True,CACTCCACAAGTTAAG-1_contig_3,True,747,IGL,IGLV1-51,None,IGLJ3,IGLC3,True,False,CLAWDTSPRAPWVF,TGCTTAGCATGGGATACCAGCCCGAGAGCCCCTTGGGTGTTC,3626,18,clonotype23,None
CACTCCACAAGTTAAG-1,True,CACTCCACAAGTTAAG-1_contig_4,True,746,IGL,IGLV1-51,None,IGLJ3,IGLC2,True,False,None,None,1593,10,clonotype23,None
CAGCATAAGTCTCCTC-1,True,CAGCATAAGTCTCCTC-1_contig_1,True,630,IGL,IGLV7-43,None,IGLJ3,IGLC2,True,True,CLLYYGGAWVF,TGCCTGCTCTACTATGGTGGTGCTTGGGTGTTC,14643,50,clonotype24,clonotype24_consensus_1
CAGCATAAGTCTCCTC-1,True,CAGCATAAGTCTCCTC-1_contig_2,True,569,IGH,IGHV3-11,None,IGHJ4,IGHM,True,True,CARKGIAVRGGIDYW,TGTGCGAGAAAGGGTATAGCAGTGCGGGGGGGTATTGACTACTGG,6479,34,clonotype24,clonotype24_consensus_2
CAGCATAAGTCTCCTC-1,True,CAGCATAAGTCTCCTC-1_contig_3,True,714,IGL,IGLV1-44,None,IGLJ2,IGLC2,True,False,None,None,5170,20,clonotype24,None
CAGCATAAGTCTCCTC-1,True,CAGCATAAGTCTCCTC-1_contig_4,True,348,IGH,IGHV4-4,IGHD2-2,IGHJ4,IGHM,True,False,None,None,702,4,clonotype24,None
CAGCATAGTACTTAGC-1,True,CAGCATAGTACTTAGC-1_contig_1,True,536,IGH,IGHV4-61,None,IGHJ4,IGHM,True,True,CARDVSDGYNYEAWVDYW,TGTGCGAGAGATGTTTCGGATGGCTACAATTATGAGGCTTGGGTTGACTACTGG,4748,21,clonotype25,clonotype25_consensus_1
CAGCATAGTACTTAGC-1,True,CAGCATAGTACTTAGC-1_contig_2,True,555,IGK,IGKV1D-39,None,IGKJ1,IGKC,True,True,CQQSYSTLWTF,TGTCAACAGAGTTACAGTACCCTTTGGACGTTC,7565,29,clonotype25,clonotype25_consensus_2
CAGCATAGTACTTAGC-1,True,CAGCATAGTACTTAGC-1_contig_3,True,608,IGH,IGHV1-2,None,IGHJ5,IGHD,True,False,None,None,1123,4,clonotype25,None
CAGCCGATCTTGCATT-1,True,CAGCCGATCTTGCATT-1_contig_1,True,551,IGK,IGKV1-16,None,IGKJ4,IGKC,True,True,CQQYNSYPLTF,TGCCAACAGTATAATAGTTACCCTCTCACTTTC,6304,22,clonotype26,clonotype26_consensus_2
CAGCCGATCTTGCATT-1,True,CAGCCGATCTTGCATT-1_contig_2,True,581,IGH,IGHV3-30,None,IGHJ3,IGHM,True,True,CANGPPINYGDYEDAFDIW,TGTGCGAACGGACCACCTATAAACTACGGTGACTACGAGGATGCTTTTGATATCTGG,4807,28,clonotype26,clonotype26_consensus_1
CAGCCGATCTTGCATT-1,True,CAGCCGATCTTGCATT-1_contig_3,True,496,IGH,None,None,IGHJ5,IGHD,False,False,None,None,486,3,clonotype26,None
CAGCTGGCATGGGAAC-1,True,CAGCTGGCATGGGAAC-1_contig_1,True,554,IGK,IGKV1D-39,None,IGKJ2,IGKC,True,True,CQQSYRTPFTF,TGTCAACAGAGTTACAGAACCCCGTTCACTTTT,570,4,clonotype27,clonotype27_consensus_1
CATCAGATCTCTAGGA-1,True,CATCAGATCTCTAGGA-1_contig_1,True,565,IGH,IGHV3-48,None,IGHJ4,IGHM,True,True,CARDRRGEHNFDYW,TGTGCGAGAGATCGGAGGGGTGAACACAACTTTGACTACTGG,9571,54,clonotype28,clonotype28_consensus_2
CATCAGATCTCTAGGA-1,True,CATCAGATCTCTAGGA-1_contig_2,True,568,IGK,IGKV3-11,None,IGKJ3,IGKC,True,True,CQQRSNWPPGTF,TGTCAGCAGCGTAGCAACTGGCCTCCGGGCACTTTC,67019,246,clonotype28,clonotype28_consensus_1
CATCGAATCTTAACCT-1,True,CATCGAATCTTAACCT-1_contig_1,True,556,IGH,IGHV1-69D,None,IGHJ3,IGHM,True,True,CARDSEGEPSAGDAFDIW,TGTGCGAGAGATTCGGAAGGGGAGCCCTCAGCCGGGGATGCTTTTGATATCTGG,7485,37,clonotype29,clonotype29_consensus_2
CATCGAATCTTAACCT-1,True,CATCGAATCTTAACCT-1_contig_2,True,556,IGK,IGKV1D-39,None,IGKJ1,IGKC,True,True,CQQSYSTPWTF,TGTCAACAGAGTTACAGTACCCCGTGGACGTTC,11160,43,clonotype29,clonotype29_consensus_1
CCACGGATCACTTCAT-1,True,CCACGGATCACTTCAT-1_contig_1,True,569,IGH,IGHV3-30,None,IGHJ6,IGHM,True,True,CAKVLLDYYYGMDVW,TGTGCGAAAGTGCTATTGGACTACTACTACGGTATGGACGTCTGG,5402,26,clonotype30,clonotype30_consensus_2
CCACGGATCACTTCAT-1,True,CCACGGATCACTTCAT-1_contig_2,True,667,IGL,IGLV2-14,None,IGLJ2,IGLC2,True,True,CSSYTSSSTLVVF,TGCAGCTCATATACAAGCAGCAGCACTCTCGTTGTATTC,15695,60,clonotype30,clonotype30_consensus_1
CCGGTAGCACTTACGA-1,True,CCGGTAGCACTTACGA-1_contig_1,True,569,IGK,IGKV2-28,None,IGKJ2,IGKC,True,True,CMQALQTRNTF,TGCATGCAAGCTCTACAAACTCGGAACACTTTT,10653,65,clonotype31,clonotype31_consensus_1
CCGGTAGCACTTACGA-1,True,CCGGTAGCACTTACGA-1_contig_2,True,567,IGH,IGHV1-8,None,IGHJ6,IGHM,True,True,CARGGWWELPYYYYYGMDVW,TGTGCGAGAGGCGGGTGGTGGGAGCTGCCTTACTACTACTACTACGGTATGGACGTCTGG,5192,43,clonotype31,clonotype31_consensus_2
CCTAGCTCAGCTTAAC-1,True,CCTAGCTCAGCTTAAC-1_contig_1,True,571,IGK,IGKV2-28,None,IGKJ2,IGKC,True,True,CMQALQIPYTF,TGCATGCAAGCTCTACAAATTCCGTACACTTTT,47761,4506,clonotype32,clonotype32_consensus_2
CCTAGCTCAGCTTAAC-1,True,CCTAGCTCAGCTTAAC-1_contig_2,True,657,IGH,IGHV3-21,None,IGHJ4,IGHA1,True,True,CAGGQGWGGSYFDYW,TGTGCGGGGGGCCAGGGGTGGGGTGGTTCATACTTTGACTACTGG,29593,3017,clonotype32,clonotype32_consensus_1
CCTAGCTCAGCTTAAC-1,True,CCTAGCTCAGCTTAAC-1_contig_3,True,778,IGL,None,None,IGLJ1,IGLC1,False,False,None,None,202,18,clonotype32,None
CCTCTGACAAATACAG-1,True,CCTCTGACAAATACAG-1_contig_1,True,562,IGK,IGKV3-11,None,IGKJ3,IGKC,True,True,CQQRSNWPTF,TGTCAGCAGCGTAGCAACTGGCCCACTTTC,17958,58,clonotype33,clonotype33_consensus_2
CCTCTGACAAATACAG-1,True,CCTCTGACAAATACAG-1_contig_2,True,548,IGH,IGHV3-30,None,IGHJ4,IGHM,True,True,CAKDPDYW,TGTGCGAAAGATCCGGACTACTGG,6972,32,clonotype33,clonotype33_consensus_1
CCTCTGACAAATACAG-1,True,CCTCTGACAAATACAG-1_contig_3,True,471,IGH,None,IGHD3-22,IGHJ6,IGHD,False,False,None,None,729,3,clonotype33,None
CGAATGTGTTTGTGTG-1,True,CGAATGTGTTTGTGTG-1_contig_1,True,548,IGK,IGKV1-5,None,IGKJ1,IGKC,True,True,CQQYNSYWTF,TGCCAACAGTATAATAGTTATTGGACGTTC,6803,27,clonotype34,clonotype34_consensus_1
CGAATGTGTTTGTGTG-1,True,CGAATGTGTTTGTGTG-1_contig_2,True,538,IGH,IGHV3-53,None,IGHJ6,IGHM,True,True,CARVLDVW,TGTGCGAGAGTGCTGGACGTCTGG,8739,47,clonotype34,clonotype34_consensus_2
CGATGTACAGACAGGT-1,True,CGATGTACAGACAGGT-1_contig_1,True,577,IGH,IGHV3-48,None,IGHJ4,IGHM,True,True,CAREKWELPPPPYYFDYW,TGTGCGAGAGAGAAGTGGGAGCTACCTCCTCCCCCTTACTACTTTGACTACTGG,5956,40,clonotype35,clonotype35_consensus_1
CGATGTACAGACAGGT-1,True,CGATGTACAGACAGGT-1_contig_2,True,641,IGL,IGLV2-11,None,IGLJ2,IGLC2,True,True,CCSYAGSYTVVF,TGCTGCTCATATGCAGGCAGCTACACTGTGGTATTC,9581,46,clonotype35,clonotype35_consensus_2
CGCGGTATCCTGCTTG-1,True,CGCGGTATCCTGCTTG-1_contig_1,True,566,IGK,IGKV4-1,None,IGKJ4,IGKC,True,True,CQQYYSTPLTF,TGTCAGCAATATTATAGTACTCCCCTCACTTTC,8149,33,clonotype36,clonotype36_consensus_1
CGCGGTATCCTGCTTG-1,True,CGCGGTATCCTGCTTG-1_contig_2,True,522,IGH,IGHV2-5,None,IGHJ4,IGHM,True,True,CAHRRYYYVAFDYW,TGTGCACACAGACGATACTACTACGTAGCCTTTGACTACTGG,6454,30,clonotype36,clonotype36_consensus_2
CGCTGGAGTGAGGCTA-1,True,CGCTGGAGTGAGGCTA-1_contig_1,True,627,IGL,IGLV3-21,None,IGLJ1,IGLC1,True,True,CQVWDSRAYVF,TGTCAGGTGTGGGATAGTAGGGCTTATGTCTTC,5450,23,clonotype37,clonotype37_consensus_2
CGCTGGAGTGAGGCTA-1,True,CGCTGGAGTGAGGCTA-1_contig_2,True,547,IGH,IGHV2-5,IGHD6-13,IGHJ4,IGHM,True,True,CAHHGSARYSSSWHAAPGPYYFDYW,TGTGCACACCATGGATCAGCCCGGTATAGCAGCAGCTGGCACGCCGCACCCGGCCCATACTACTTTGACTACTGG,7961,41,clonotype37,clonotype37_consensus_1
CGCTGGAGTGAGGCTA-1,True,CGCTGGAGTGAGGCTA-1_contig_3,True,569,IGL,None,None,IGLJ2,IGLC2,False,False,None,None,1534,6,clonotype37,None
CGTCACTCAGGATTGG-1,True,CGTCACTCAGGATTGG-1_contig_1,True,551,IGK,IGKV1-33,None,IGKJ2,IGKC,True,True,CQQYDNLPYTF,TGTCAACAGTATGATAATCTCCCCTACACTTTT,1225,9,clonotype38,clonotype38_consensus_1
CGTCACTCAGGATTGG-1,True,CGTCACTCAGGATTGG-1_contig_2,True,567,IGH,IGHV1-24,IGHD3-22,IGHJ4,IGHM,True,True,CATEHRGRNYYDSSGYYFDYW,TGTGCAACAGAGCACCGAGGGCGAAATTACTATGATAGTAGTGGTTATTATTTTGACTACTGG,638,7,clonotype38,clonotype38_consensus_2
CTAAGACTCCTTTACA-1,True,CTAAGACTCCTTTACA-1_contig_1,True,568,IGK,IGKV3-11,None,IGKJ5,IGKC,True,True,CQQRSNWPPITF,TGTCAGCAGCGTAGCAACTGGCCTCCGATCACCTTC,30979,100,clonotype39,clonotype39_consensus_2
CTAAGACTCCTTTACA-1,True,CTAAGACTCCTTTACA-1_contig_2,True,574,IGH,IGHV3-33,None,IGHJ4,IGHM,True,True,CARDFTEDGYNFDWRMLPDYW,TGTGCGAGAGATTTTACCGAAGATGGCTACAATTTTGATTGGAGAATGTTGCCAGACTACTGG,4489,25,clonotype39,clonotype39_consensus_1
CTAGAGTGTATTCTCT-1,True,CTAGAGTGTATTCTCT-1_contig_1,True,551,IGK,IGKV1-39,None,IGKJ3,IGKC,True,True,CQQGYTNPFTF,TGTCAACAGGGTTACACTAACCCATTCACTTTC,8432,33,clonotype40,clonotype40_consensus_2
CTAGAGTGTATTCTCT-1,True,CTAGAGTGTATTCTCT-1_contig_2,True,542,IGH,IGHV4-61,None,IGHJ6,IGHM,True,True,CARGQIGGWSPYYYYGLDVW,TGTGCGAGAGGTCAAATAGGCGGATGGTCCCCGTATTATTACTACGGTTTGGACGTCTGG,1868,15,clonotype40,clonotype40_consensus_1
CTAGAGTGTATTCTCT-1,True,CTAGAGTGTATTCTCT-1_contig_3,True,670,IGH,IGHV3-30,None,IGHJ4,IGHM,True,False,None,None,288,2,clonotype40,None
CTCACACTCTAGCACA-1,True,CTCACACTCTAGCACA-1_contig_1,True,536,IGH,IGHV4-34,None,IGHJ5,IGHM,True,True,CARGRNLGVVTKFNWFDPW,TGTGCGAGAGGCCGGAATCTTGGAGTGGTCACAAAATTCAACTGGTTCGACCCCTGG,11028,57,clonotype41,clonotype41_consensus_1
CTCACACTCTAGCACA-1,True,CTCACACTCTAGCACA-1_contig_2,True,646,IGL,IGLV1-44,None,IGLJ2,IGLC2,True,True,CAAWDDSLNGLVF,TGTGCAGCATGGGATGACAGCCTGAATGGTCTGGTATTC,7323,28,clonotype41,clonotype41_consensus_2
CTCGAGGTCGCGATCG-1,True,CTCGAGGTCGCGATCG-1_contig_1,True,557,IGK,IGKV1D-39,None,IGKJ4,IGKC,True,True,CQQSYSTPRTF,TGTCAACAGAGTTACAGTACCCCTAGAACTTTC,10571,59,clonotype42,clonotype42_consensus_1
CTCGAGGTCGCGATCG-1,True,CTCGAGGTCGCGATCG-1_contig_2,True,580,IGH,IGHV3-7,IGHD1-26,IGHJ3,IGHM,True,True,CARDGPYSGSYYGDAFDIW,TGTGCGAGAGATGGGCCGTATAGTGGGAGCTACTACGGAGATGCTTTTGATATCTGG,3979,33,clonotype42,clonotype42_consensus_2
CTCGAGGTCGCGATCG-1,True,CTCGAGGTCGCGATCG-1_contig_3,True,323,IGL,None,None,IGLJ1,IGLC1,False,False,None,None,158,2,clonotype42,None
CTTTGCGGTCGCATAT-1,True,CTTTGCGGTCGCATAT-1_contig_1,True,541,IGH,IGHV1-2,None,IGHJ4,IGHM,True,True,CARDLGATDYW,TGTGCGAGAGACCTGGGAGCTACAGACTACTGG,9566,50,clonotype43,clonotype43_consensus_2
CTTTGCGGTCGCATAT-1,True,CTTTGCGGTCGCATAT-1_contig_2,True,640,IGL,IGLV2-23,None,IGLJ1,IGLC1,True,True,CCSYAGSSTPYVF,TGCTGCTCATATGCAGGTAGTAGCACTCCTTATGTCTTC,20805,83,clonotype43,clonotype43_consensus_1
CTTTGCGGTCGCATAT-1,True,CTTTGCGGTCGCATAT-1_contig_3,True,562,IGK,IGKV2D-26,None,IGKJ2,IGKC,True,False,None,None,6026,25,clonotype43,None
CTTTGCGGTCGCATAT-1,True,CTTTGCGGTCGCATAT-1_contig_4,True,781,IGK,None,None,IGKJ1,None,False,False,None,None,144,5,clonotype43,None
GAAACTCGTCCGAAGA-1,True,GAAACTCGTCCGAAGA-1_contig_1,True,636,IGL,IGLV3-25,None,IGLJ3,IGLC2,True,True,CQSADSSGTSWVF,TGTCAATCAGCAGACAGCAGTGGTACTTCATGGGTGTTC,674,3,clonotype44,clonotype44_consensus_1
GACTACATCCTCAATT-1,True,GACTACATCCTCAATT-1_contig_1,True,548,IGK,IGKV1-5,None,IGKJ2,IGKC,True,True,CQQYNSLYTF,TGCCAACAGTATAATAGTTTGTACACTTTT,16727,58,clonotype45,clonotype45_consensus_2
GACTACATCCTCAATT-1,True,GACTACATCCTCAATT-1_contig_2,True,577,IGH,IGHV3-23,None,IGHJ2,IGHM,True,True,CAKDGGLDYALYWYFDLW,TGTGCGAAAGACGGAGGGTTGGACTACGCTCTCTACTGGTACTTCGATCTCTGG,8002,46,clonotype45,clonotype45_consensus_1
GACTACATCCTCAATT-1,True,GACTACATCCTCAATT-1_contig_3,True,566,IGK,IGKV3-11,None,IGKJ1,IGKC,True,False,None,None,9156,26,clonotype45,None
GAGTCCGAGTCGAGTG-1,True,GAGTCCGAGTCGAGTG-1_contig_1,True,550,IGK,IGKV1-9,None,IGKJ5,IGKC,True,True,CQQLSTDPITF,TGTCAACAACTTAGTACTGACCCGATCACCTTC,29241,96,clonotype46,clonotype46_consensus_2
GAGTCCGAGTCGAGTG-1,True,GAGTCCGAGTCGAGTG-1_contig_2,True,513,IGH,IGHV2-5,None,IGHJ4,IGHM,True,True,CAHKMGRGGGVDYW,TGTGCACACAAAATGGGACGAGGGGGCGGCGTTGACTACTGG,15589,63,clonotype46,clonotype46_consensus_1
GATCGTACACTTCTGC-1,True,GATCGTACACTTCTGC-1_contig_1,True,571,IGK,IGKV1D-39,None,IGKJ2,IGKC,True,True,CQQSYRSPYTF,TGTCAACAGAGTTACAGATCCCCGTACACTTTT,8254,34,clonotype47,clonotype47_consensus_1
GATCGTACACTTCTGC-1,True,GATCGTACACTTCTGC-1_contig_2,True,536,IGH,IGHV4-34,None,IGHJ5,IGHM,True,True,CTRDPHYGDHVPHNWFDPW,TGTACGAGAGACCCCCACTACGGTGATCACGTCCCCCACAACTGGTTCGACCCCTGG,5926,30,clonotype47,clonotype47_consensus_2
GCAGCCAAGGGTCGAT-1,True,GCAGCCAAGGGTCGAT-1_contig_1,True,565,IGK,IGKV2-28,None,IGKJ3,IGKC,True,True,CMQGLQPFTF,TGCATGCAAGGTCTACAACCATTCACTTTC,12444,48,clonotype48,clonotype48_consensus_2
GCAGCCAAGGGTCGAT-1,True,GCAGCCAAGGGTCGAT-1_contig_2,True,648,IGH,IGHV1-18,None,IGHJ4,IGHG1,True,True,CARYDYDITVDHW,TGTGCGAGGTATGATTACGATATCACGGTTGACCACTGG,1073,9,clonotype48,clonotype48_consensus_1
GCAGCCAAGGGTCGAT-1,True,GCAGCCAAGGGTCGAT-1_contig_3,True,541,IGH,IGHV1-3,None,IGHJ4,IGHM,True,False,CLAVREVLPYQLLGVHHPAYW,TGTCTTGCTGTGCGAGAGGTCCTTCCTTACCAGTTACTAGGAGTCCATCACCCTGCCTACTGG,398,2,clonotype48,None
GCAGCCAAGGGTCGAT-1,True,GCAGCCAAGGGTCGAT-1_contig_4,True,594,IGK,IGKV2-30,None,IGKJ5,IGKC,True,False,CMQGTHWPPLSITF,TGCATGCAAGGTACACACTGGCCTCCGCTCTCGATCACCTTC,3808,15,clonotype48,None
GCAGCCATCGACAGCC-1,True,GCAGCCATCGACAGCC-1_contig_1,True,557,IGH,IGHV1-18,IGHD5-18,IGHJ5,IGHM,True,True,CARAVDTAMVTNNWFDPW,TGTGCGAGAGCTGTGGATACAGCTATGGTTACAAACAACTGGTTCGACCCCTGG,5540,31,clonotype49,clonotype49_consensus_1
GCAGCCATCGACAGCC-1,True,GCAGCCATCGACAGCC-1_contig_2,True,556,IGK,IGKV1D-39,None,IGKJ3,IGKC,True,True,CQQSYSTPFTF,TGTCAACAGAGTTACAGTACCCCATTCACTTTC,14445,53,clonotype49,clonotype49_consensus_2
GCAGCCATCGACAGCC-1,True,GCAGCCATCGACAGCC-1_contig_3,True,788,IGK,None,None,IGKJ1,None,False,False,None,None,154,4,clonotype49,None
GCATGATCAATAACGA-1,True,GCATGATCAATAACGA-1_contig_1,True,557,IGH,IGHV5-51,None,IGHJ3,IGHM,True,True,CATEDTARDLYRAAFDIW,TGTGCGACCGAGGATACAGCTAGGGATCTCTATCGAGCTGCTTTTGATATCTGG,10528,55,clonotype50,clonotype50_consensus_1
GCATGATCAATAACGA-1,True,GCATGATCAATAACGA-1_contig_2,True,545,IGK,IGKV1-5,None,IGKJ1,IGKC,True,True,CQQYNGWTF,TGCCAACAGTATAATGGGTGGACGTTC,18693,66,clonotype50,clonotype50_consensus_2
GCGACCAGTCCTAGCG-1,True,GCGACCAGTCCTAGCG-1_contig_1,True,527,IGH,IGHV4-61,None,IGHJ4,IGHM,True,True,CARGYATALSRTDYW,TGTGCGAGGGGTTACGCTACCGCCCTCTCACGCACCGACTACTGG,6612,29,clonotype51,clonotype51_consensus_1
GCGACCAGTCCTAGCG-1,True,GCGACCAGTCCTAGCG-1_contig_2,True,647,IGL,IGLV2-14,None,IGLJ2,IGLC2,True,True,CSSYTSSSTLVVF,TGCAGCTCATATACAAGCAGCAGCACTCTCGTGGTATTC,16521,64,clonotype51,clonotype51_consensus_2
GCGCGATAGACATAAC-1,True,GCGCGATAGACATAAC-1_contig_1,True,565,IGK,IGKV3-11,None,IGKJ4,IGKC,True,True,CQQRSNWPPTF,TGTCAGCAGCGTAGCAACTGGCCTCCCACTTTC,24027,77,clonotype52,clonotype52_consensus_1
GCGCGATAGACATAAC-1,True,GCGCGATAGACATAAC-1_contig_2,True,577,IGH,IGHV3-33,IGHD2-15,IGHJ5,IGHM,True,True,CARGWSIVVVVAATFPNWFDPW,TGTGCGAGAGGATGGTCGATTGTAGTGGTGGTAGCTGCTACCTTCCCCAACTGGTTCGACCCCTGG,7113,39,clonotype52,clonotype52_consensus_2
GGCAATTTCATAACCG-1,True,GGCAATTTCATAACCG-1_contig_1,True,639,IGL,IGLV3-25,None,IGLJ2,IGLC2,True,True,CQSADSSGTYKVVF,TGTCAATCAGCAGACAGCAGTGGTACTTATAAGGTGGTATTC,12939,44,clonotype53,clonotype53_consensus_1
GGCAATTTCATAACCG-1,True,GGCAATTTCATAACCG-1_contig_2,True,592,IGH,IGHV3-7,None,IGHJ6,IGHM,True,True,CARVAAVRSGRVNYYYYYGMDVW,TGTGCGAGAGTCGCGGCCGTTCGTTCGGGGAGGGTGAATTACTACTACTACTACGGTATGGACGTCTGG,6402,38,clonotype53,clonotype53_consensus_2
GGGCACTCATGAAGTA-1,True,GGGCACTCATGAAGTA-1_contig_1,True,566,IGK,IGKV4-1,None,IGKJ3,IGKC,True,True,CQQYYSTPFTF,TGTCAACAATATTATAGTACTCCATTCACTTTC,7019,24,clonotype54,clonotype54_consensus_2
GGGCACTCATGAAGTA-1,True,GGGCACTCATGAAGTA-1_contig_2,True,680,IGH,IGHV3-73,None,IGHJ4,IGHG1,True,True,CASIAVAGYFNYW,TGTGCTAGTATAGCAGTGGCTGGTTATTTTAACTACTGG,943,8,clonotype54,clonotype54_consensus_1
GGGCACTCATTAGGCT-1,True,GGGCACTCATTAGGCT-1_contig_1,True,561,IGK,IGKV1D-39,None,IGKJ5,IGKC,True,True,CQQSYSTPITF,TGTCAACAGAGTTACAGTACCCCCATCACCTTC,9271,34,clonotype55,clonotype55_consensus_1
GGGCACTCATTAGGCT-1,True,GGGCACTCATTAGGCT-1_contig_2,True,562,IGH,IGHV3-23,None,IGHJ4,IGHM,True,True,CAKVFSSSWGDYW,TGTGCGAAGGTGTTTAGCAGCAGCTGGGGTGACTACTGG,1554,10,clonotype55,clonotype55_consensus_2
GTAACGTAGGCAAAGA-1,True,GTAACGTAGGCAAAGA-1_contig_1,True,570,IGK,IGKV3D-15,None,IGKJ1,IGKC,True,True,CQQYNNWPPWTF,TGTCAGCAGTATAATAACTGGCCTCCGTGGACGTTC,29148,101,clonotype56,clonotype56_consensus_1
GTAACGTAGGCAAAGA-1,True,GTAACGTAGGCAAAGA-1_contig_2,True,574,IGH,IGHV4-30-2,None,IGHJ2,IGHM,True,True,CASFVDTAMAIPLDYWYFDLW,TGTGCGAGCTTCGTGGATACAGCTATGGCGATACCACTGGACTACTGGTACTTCGATCTCTGG,9009,38,clonotype56,clonotype56_consensus_2
GTAACGTAGGCAAAGA-1,True,GTAACGTAGGCAAAGA-1_contig_3,True,558,IGH,None,IGHD3-22,IGHJ6,IGHD,False,False,None,None,101,2,clonotype56,None
GTAACTGCATCAGTAC-1,True,GTAACTGCATCAGTAC-1_contig_1,True,568,IGK,IGKV3-20,None,IGKJ4,IGKC,True,True,CQQYGSSPQVTF,TGTCAGCAGTATGGTAGCTCACCTCAGGTCACTTTC,30541,97,clonotype57,clonotype57_consensus_1
GTAACTGCATCAGTAC-1,True,GTAACTGCATCAGTAC-1_contig_2,True,527,IGH,IGHV4-34,None,IGHJ2,IGHM,True,True,CARGTVTTGRGYFDLW,TGTGCGAGAGGGACGGTGACTACGGGAAGGGGGTACTTCGATCTCTGG,26563,122,clonotype57,clonotype57_consensus_2
GTAACTGCATCAGTAC-1,True,GTAACTGCATCAGTAC-1_contig_3,True,307,IGL,None,None,IGLJ1,IGLC1,False,False,None,None,1110,4,clonotype57,None
GTACTTTGTACTCAAC-1,True,GTACTTTGTACTCAAC-1_contig_1,True,566,IGK,IGKV4-1,None,IGKJ3,IGKC,True,True,CQQYYSTPFTF,TGTCAGCAATATTATAGTACTCCATTCACTTTC,7659,35,clonotype58,clonotype58_consensus_1
GTACTTTGTACTCAAC-1,True,GTACTTTGTACTCAAC-1_contig_2,True,571,IGH,IGHV3-23,None,IGHJ5,IGHM,True,True,CAKDRASYYNFPIDPW,TGTGCGAAAGATCGGGCGAGTTATTATAACTTCCCAATCGACCCCTGG,4693,27,clonotype58,clonotype58_consensus_2
GTATCTTCACGAAAGC-1,True,GTATCTTCACGAAAGC-1_contig_1,True,554,IGK,IGKV1D-39,None,IGKJ2,IGKC,True,True,CQQSYSTPYTF,TGTCAACAGAGTTACAGTACCCCCTACACTTTT,7448,27,clonotype59,clonotype59_consensus_2
GTATCTTCACGAAAGC-1,True,GTATCTTCACGAAAGC-1_contig_2,True,569,IGH,IGHV3-30,None,IGHJ6,IGHM,True,True,CAQTKLGIFGGMDVW,TGTGCGCAAACGAAGTTGGGCATCTTCGGCGGTATGGACGTCTGG,3565,20,clonotype59,clonotype59_consensus_1
GTCCTCAGTTTGGCGC-1,True,GTCCTCAGTTTGGCGC-1_contig_1,True,556,IGH,IGHV3-21,None,IGHJ4,IGHM,True,True,CARGPGYFDYW,TGTGCGAGAGGTCCGGGCTACTTTGACTACTGG,8517,42,clonotype60,clonotype60_consensus_2
GTCCTCAGTTTGGCGC-1,True,GTCCTCAGTTTGGCGC-1_contig_2,True,556,IGK,IGKV1D-33,None,IGKJ1,IGKC,True,True,CQQYDNLPRTF,TGTCAACAGTATGATAATCTCCCTCGGACGTTC,35149,139,clonotype60,clonotype60_consensus_1
GTCGTAATCTGGGCCA-1,True,GTCGTAATCTGGGCCA-1_contig_1,True,556,IGK,IGKV1D-39,None,IGKJ2,IGKC,True,True,CQQSYSTLRTF,TGTCAACAGAGTTACAGTACCCTCCGGACTTTT,3976,48,clonotype61,clonotype61_consensus_2
GTCGTAATCTGGGCCA-1,True,GTCGTAATCTGGGCCA-1_contig_2,True,567,IGH,IGHV1-8,None,IGHJ4,IGHM,True,True,CASHGVVVAATRGTPGSDYW,TGTGCGAGTCATGGGGTGGTGGTAGCTGCTACACGGGGGACTCCGGGGAGTGACTACTGG,4270,64,clonotype61,clonotype61_consensus_1
GTTCGGGAGACTAGAT-1,True,GTTCGGGAGACTAGAT-1_contig_1,True,566,IGK,IGKV4-1,None,IGKJ1,IGKC,True,True,CQQYYSTPRTF,TGTCAGCAATATTATAGTACTCCTCGGACGTTC,9657,37,clonotype62,clonotype62_consensus_2
GTTCGGGAGACTAGAT-1,True,GTTCGGGAGACTAGAT-1_contig_2,True,559,IGH,IGHV1-2,None,IGHJ3,IGHM,True,True,CASTVPSSLRAGAFDIW,TGTGCGAGTACCGTTCCTAGCAGCTTAAGGGCCGGAGCTTTTGATATCTGG,10400,52,clonotype62,clonotype62_consensus_1
TAAGTGCCAGACGCTC-1,True,TAAGTGCCAGACGCTC-1_contig_1,True,627,IGL,IGLV3-9,None,IGLJ2,IGLC2,True,True,CQVWDSSTVVF,TGTCAGGTGTGGGACAGCAGCACTGTGGTATTC,12188,43,clonotype63,clonotype63_consensus_1
TAAGTGCCAGACGCTC-1,True,TAAGTGCCAGACGCTC-1_contig_2,True,571,IGH,IGHV3-7,None,IGHJ6,IGHM,True,True,CARDTMGPLYYGMDVW,TGTGCGAGAGACACGATGGGCCCCCTCTACTACGGTATGGACGTCTGG,6206,33,clonotype63,clonotype63_consensus_2
TAAGTGCCAGACGCTC-1,True,TAAGTGCCAGACGCTC-1_contig_3,True,912,IGK,None,None,IGKJ1,IGKC,False,False,None,None,237,5,clonotype63,None
TAAGTGCCAGACGCTC-1,True,TAAGTGCCAGACGCTC-1_contig_4,True,736,IGH,None,IGHD3-9,IGHJ4,IGHM,False,False,None,None,285,2,clonotype63,None
TACCTTACACAAGCCC-1,True,TACCTTACACAAGCCC-1_contig_1,True,559,IGH,IGHV3-23,None,IGHJ4,IGHM,True,True,CAKDLGELTDYW,TGTGCGAAAGATCTTGGGGAGTTAACGGACTACTGG,7546,32,clonotype64,clonotype64_consensus_1
TACCTTACACAAGCCC-1,True,TACCTTACACAAGCCC-1_contig_2,True,650,IGL,IGLV2-14,None,IGLJ2,IGLC2,True,True,CSSYTSSSTLVVVF,TGCAGCTCATATACAAGCAGCAGCACTCTCGTTGTGGTATTC,14378,55,clonotype64,clonotype64_consensus_2
TACCTTACACAAGCCC-1,True,TACCTTACACAAGCCC-1_contig_3,True,629,IGL,IGLV3-19,None,IGLJ3,IGLC3,True,False,None,None,2767,10,clonotype64,None
TAGAGCTTCCTACAGA-1,True,TAGAGCTTCCTACAGA-1_contig_1,True,633,IGL,IGLV3-19,None,IGLJ2,IGLC2,True,True,CNSRDSSGNHVVF,TGTAACTCCCGGGACAGCAGTGGTAACCATGTGGTATTC,15572,60,clonotype65,clonotype65_consensus_1
TAGAGCTTCCTACAGA-1,True,TAGAGCTTCCTACAGA-1_contig_2,True,590,IGH,IGHV3-33,None,IGHJ6,IGHM,True,True,CAKSGPPLEWFFLGYYYGMDVW,TGTGCGAAATCCGGACCCCCTTTGGAGTGGTTCTTTTTGGGGTACTACTACGGTATGGACGTCTGG,4441,22,clonotype65,clonotype65_consensus_2
TATCAGGGTTATCACG-1,True,TATCAGGGTTATCACG-1_contig_1,True,596,IGH,IGHV3-30,None,IGHJ6,IGHM,True,True,CAKDATGYFDWLPYYYYYYGMDVW,TGTGCGAAAGATGCGACCGGATATTTTGACTGGTTACCATATTACTACTACTACTACGGTATGGACGTCTGG,1292,8,clonotype66,clonotype66_consensus_2
TATCAGGGTTATCACG-1,True,TATCAGGGTTATCACG-1_contig_2,True,636,IGL,IGLV7-43,None,IGLJ3,IGLC3,True,True,CLLYYGGAQLWVF,TGCCTGCTCTACTATGGTGGTGCTCAGCTTTGGGTGTTC,5500,22,clonotype66,clonotype66_consensus_1
TCAATCTAGGGCTCTC-1,True,TCAATCTAGGGCTCTC-1_contig_1,True,646,IGL,IGLV1-44,None,IGLJ3,IGLC2,True,True,CAAWDDSLNGGVF,TGTGCAGCATGGGATGACAGCCTGAATGGTGGGGTGTTC,16253,70,clonotype67,clonotype67_consensus_2
TCAATCTAGGGCTCTC-1,True,TCAATCTAGGGCTCTC-1_contig_2,True,590,IGH,IGHV3-15,IGHD3-16,IGHJ4,IGHM,True,True,CTTDSPHMITFGGVIVFDYW,TGTACCACAGATTCGCCCCATATGATTACGTTTGGGGGAGTTATCGTTTTTGACTACTGG,4831,29,clonotype67,clonotype67_consensus_1
TCACAAGAGTCGCCGT-1,True,TCACAAGAGTCGCCGT-1_contig_1,True,556,IGH,IGHV7-81,None,IGHJ4,IGHM,True,True,CARDLRPVAGTADYLDYW,TGTGCGAGAGATCTTCGGCCGGTGGCTGGTACGGCGGACTACCTCGACTACTGG,5305,26,clonotype68,clonotype68_consensus_1
TCACAAGAGTCGCCGT-1,True,TCACAAGAGTCGCCGT-1_contig_2,True,567,IGK,IGKV3D-15,None,IGKJ1,IGKC,True,True,CQQYHYWPRTF,TGTCAGCAGTATCATTACTGGCCTCGGACATTC,27844,98,clonotype68,clonotype68_consensus_2
TCAGATGCAAGTTAAG-1,True,TCAGATGCAAGTTAAG-1_contig_1,True,556,IGK,IGKV1D-39,None,IGKJ2,IGKC,True,True,CQQSYSTPYTF,TGTCAACAGAGTTACAGTACCCCGTACACTTTT,6021,24,clonotype69,clonotype69_consensus_2
TCAGATGCAAGTTAAG-1,True,TCAGATGCAAGTTAAG-1_contig_2,True,565,IGH,IGHV1-2,IGHD3-3,IGHJ6,IGHM,True,True,CARGVTIFGVVIMGGMDVW,TGTGCGAGAGGGGTTACGATTTTTGGAGTGGTTATTATGGGGGGTATGGACGTCTGG,11401,58,clonotype69,clonotype69_consensus_1
TCAGCAATCACGGTTA-1,True,TCAGCAATCACGGTTA-1_contig_1,True,569,IGK,IGKV4-1,None,IGKJ2,IGKC,True,True,CQPYYGAPPYTF,TGTCAGCCATATTATGGTGCTCCTCCGTACACTTTT,24541,92,clonotype70,clonotype70_consensus_1
TCAGCAATCACGGTTA-1,True,TCAGCAATCACGGTTA-1_contig_2,True,660,IGH,IGHV3-23,None,IGHJ4,IGHA2,True,True,CAKDLLSIYGSPSDYW,TGTGCGAAAGATCTCCTATCCATCTATGGTTCCCCGTCTGACTACTGG,4635,18,clonotype70,clonotype70_consensus_2
TCAGCTCCAGACTCGC-1,True,TCAGCTCCAGACTCGC-1_contig_1,True,581,IGK,IGKV1D-39,None,IGKJ4,IGKC,True,True,CQQSYSPPATF,TGTCAACAGAGTTACAGTCCGCCAGCCACTTTC,52865,227,clonotype71,clonotype71_consensus_1
TCAGCTCCAGACTCGC-1,True,TCAGCTCCAGACTCGC-1_contig_2,True,568,IGH,IGHV3-7,None,IGHJ4,IGHM,True,True,CTTISCSGTCYHDYW,TGTACGACTATAAGTTGTAGTGGGACCTGCTATCATGACTACTGG,18096,113,clonotype71,clonotype71_consensus_2
TCAGCTCCAGACTCGC-1,True,TCAGCTCCAGACTCGC-1_contig_3,True,524,IGL,None,None,IGLJ1,IGLC1,False,False,None,None,2799,13,clonotype71,None
TCGAGGCCAAGGTTTC-1,True,TCGAGGCCAAGGTTTC-1_contig_1,True,565,IGK,IGKV3-20,None,IGKJ1,IGKC,True,True,CQQYGSSPWTF,TGTCAGCAGTATGGTAGCTCACCTTGGACGTTC,4724,50,clonotype72,clonotype72_consensus_2
TCGAGGCCAAGGTTTC-1,True,TCGAGGCCAAGGTTTC-1_contig_2,True,580,IGH,IGHV3-23,IGHD3-22,IGHJ4,IGHM,True,True,CASAWYYYDSSGYYPFDYW,TGTGCGAGTGCCTGGTATTACTATGATAGTAGTGGTTATTACCCCTTTGACTACTGG,1414,26,clonotype72,clonotype72_consensus_1
TCGTACCGTGACGCCT-1,True,TCGTACCGTGACGCCT-1_contig_1,True,586,IGH,IGHV3-33,IGHD3-10,IGHJ6,IGHM,True,True,CARDQGDITMVRGVIKVYYYGMDVW,TGTGCGAGAGATCAGGGAGACATTACTATGGTTCGGGGAGTGATTAAAGTTTACTACTACGGTATGGACGTCTGG,1614,31,clonotype73,clonotype73_consensus_2
TCGTACCGTGACGCCT-1,True,TCGTACCGTGACGCCT-1_contig_2,True,563,IGK,IGKV2-28,None,IGKJ4,IGKC,True,True,CMQALQTPLTF,TGCATGCAAGCTCTACAAACTCCGCTCACTTTC,2228,30,clonotype73,clonotype73_consensus_3
TCGTACCGTGACGCCT-1,True,TCGTACCGTGACGCCT-1_contig_3,True,687,IGL,IGLV2-14,None,IGLJ1,IGLC1,True,True,CTSYTSSSTSYVF,TGCACCTCATATACAAGCAGCAGCACTTCTTATGTCTTC,7786,110,clonotype73,clonotype73_consensus_4
TCGTACCGTGACGCCT-1,True,TCGTACCGTGACGCCT-1_contig_4,True,583,IGH,IGHV3-23,None,IGHJ4,IGHM,True,True,CVKDRSSRQLKAVGTYFDCW,TGTGTGAAAGATCGAAGCTCCCGCCAACTGAAGGCGGTAGGTACCTACTTTGACTGCTGG,2521,47,clonotype73,clonotype73_consensus_1
TCGTACCGTGACGCCT-1,True,TCGTACCGTGACGCCT-1_contig_5,True,564,IGH,IGHV2-26,IGHD3-3,IGHJ6,IGHM,True,False,None,None,479,9,clonotype73,None
TCTCATATCCAAACTG-1,True,TCTCATATCCAAACTG-1_contig_1,True,569,IGK,IGKV2-28,None,IGKJ5,IGKC,True,True,CMQALQTPITF,TGCATGCAAGCTCTACAAACTCCGATCACCTTC,7124,28,clonotype74,clonotype74_consensus_1
TCTCATATCCAAACTG-1,True,TCTCATATCCAAACTG-1_contig_2,True,569,IGH,IGHV1-8,None,IGHJ5,IGHM,True,True,CAREDLLWFGERWAKNSFDPW,TGTGCGAGAGAAGATTTACTATGGTTCGGGGAGCGGTGGGCCAAGAACTCGTTCGACCCCTGG,5072,28,clonotype74,clonotype74_consensus_2
TCTGGAAGTTCTGTTT-1,True,TCTGGAAGTTCTGTTT-1_contig_1,True,584,IGH,IGHV3-49,None,IGHJ4,IGHM,True,True,CTRVVTMIVVAQGGFDYW,TGTACTAGAGTGGTTACTATGATAGTAGTGGCCCAGGGAGGGTTTGACTACTGG,2588,20,clonotype75,clonotype75_consensus_1
TCTGGAAGTTCTGTTT-1,True,TCTGGAAGTTCTGTTT-1_contig_2,True,712,IGL,IGLV1-44,None,IGLJ2,IGLC2,True,True,CAAWDDSLSAVVF,TGTGCAGCATGGGATGACAGCCTGAGTGCTGTGGTATTC,5245,23,clonotype75,clonotype75_consensus_2
TGACTAGCAATCGAAA-1,True,TGACTAGCAATCGAAA-1_contig_1,True,550,IGK,IGKV1D-39,None,IGKJ4,IGKC,True,True,CQQSYSTPSF,TGTCAACAGAGTTACAGTACCCCTTCTTTC,9070,33,clonotype76,clonotype76_consensus_1
TGACTAGCAATCGAAA-1,True,TGACTAGCAATCGAAA-1_contig_2,True,530,IGH,IGHV4-61,None,IGHJ5,IGHM,True,True,CARDKVVGARNWFDPW,TGTGCGAGAGATAAGGTAGTGGGAGCTCGCAACTGGTTCGACCCCTGG,8018,32,clonotype76,clonotype76_consensus_2
TGACTTTCATCGATGT-1,True,TGACTTTCATCGATGT-1_contig_1,True,565,IGH,IGHV1-2,IGHD3-3,IGHJ5,IGHM,True,True,CARAVLRFLEWFSNWFDPW,TGTGCGAGAGCAGTATTACGATTTTTGGAGTGGTTCTCTAACTGGTTCGACCCCTGG,12499,64,clonotype77,clonotype77_consensus_2
TGACTTTCATCGATGT-1,True,TGACTTTCATCGATGT-1_contig_2,True,643,IGL,IGLV2-14,None,IGLJ1,IGLC1,True,True,CSSYTSSSTHVF,TGCAGCTCATATACAAGCAGCAGCACTCATGTCTTC,27871,109,clonotype77,clonotype77_consensus_1
TGACTTTCATCGATGT-1,True,TGACTTTCATCGATGT-1_contig_3,True,374,IGL,None,None,IGLJ2,IGLC2,False,False,None,None,6310,24,clonotype77,None
TGAGCCGTCAACGAAA-1,True,TGAGCCGTCAACGAAA-1_contig_1,True,697,IGL,IGLV3-1,None,IGLJ2,IGLC2,True,True,CQAWDSSSVVF,TGTCAGGCGTGGGACAGCAGCTCGGTGGTATTC,7897,31,clonotype78,clonotype78_consensus_1
TGAGCCGTCAACGAAA-1,True,TGAGCCGTCAACGAAA-1_contig_2,True,574,IGH,IGHV3-33,None,IGHJ6,IGHM,True,True,CARDRVVGATLYYYYYGMDVW,TGTGCGAGAGATCGAGTAGTGGGAGCTACTCTTTACTACTACTACTACGGTATGGACGTCTGG,4108,22,clonotype78,clonotype78_consensus_2
TGAGGGACATGCATGT-1,True,TGAGGGACATGCATGT-1_contig_1,True,565,IGK,IGKV3D-20,None,IGKJ3,IGKC,True,True,CQQYGSSLFTF,TGTCAGCAGTATGGTAGCTCACTTTTCACTTTC,23023,74,clonotype79,clonotype79_consensus_2
TGAGGGACATGCATGT-1,True,TGAGGGACATGCATGT-1_contig_2,True,560,IGH,IGHV5-51,None,IGHJ5,IGHM,True,True,CARHEVPEMATIRGWFDPW,TGTGCGAGACATGAGGTCCCAGAGATGGCTACAATTAGGGGCTGGTTCGACCCCTGG,6454,31,clonotype79,clonotype79_consensus_1
TGGTTCCAGAGACGAA-1,True,TGGTTCCAGAGACGAA-1_contig_1,True,563,IGK,IGKV2-24,None,IGKJ4,IGKC,True,True,CMQATQFPLTF,TGCATGCAAGCTACACAATTTCCGCTCACTTTC,8712,33,clonotype80,clonotype80_consensus_1
TGGTTCCAGAGACGAA-1,True,TGGTTCCAGAGACGAA-1_contig_2,True,571,IGH,IGHV3-48,None,IGHJ4,IGHM,True,True,CARDRGSGTEPDFDYW,TGTGCGAGAGATCGAGGGTCAGGAACGGAGCCTGACTTTGACTACTGG,5634,32,clonotype80,clonotype80_consensus_2
TTCCCAGAGTACATGA-1,True,TTCCCAGAGTACATGA-1_contig_1,True,551,IGK,IGKV1-16,None,IGKJ2,IGKC,True,True,CQQYITDPFTF,TGCCAACAATACATTACTGACCCGTTCACTTTT,13569,45,clonotype81,clonotype81_consensus_1
TTCCCAGAGTACATGA-1,True,TTCCCAGAGTACATGA-1_contig_2,True,685,IGH,IGHV3-23,None,IGHJ4,IGHG2,True,True,CARVFGSVGATRSTDYW,TGTGCGAGAGTTTTTGGGTCGGTGGGAGCTACTCGTTCTACGGACTACTGG,649,7,clonotype81,clonotype81_consensus_2
TTCCCAGAGTACATGA-1,True,TTCCCAGAGTACATGA-1_contig_3,True,376,IGH,IGHV4-39,None,None,IGHA1,False,False,None,None,1483,5,clonotype81,None
TTGAACGCAGGCTGAA-1,True,TTGAACGCAGGCTGAA-1_contig_1,True,551,IGK,IGKV1-8,None,IGKJ1,IGKC,True,True,CQQYYSYPWTF,TGTCAACAGTATTATAGTTACCCGTGGACGTTC,4308,18,clonotype1,clonotype1_consensus_2
TTGAACGCAGGCTGAA-1,True,TTGAACGCAGGCTGAA-1_contig_2,True,580,IGH,IGHV3-33,None,IGHJ4,IGHM,True,True,CARDELDILTGYNIPTFGGCVYW,TGTGCGAGAGATGAGTTAGATATTTTGACTGGTTACAATATCCCAACCTTTGGGGGTTGTGTCTACTGG,2173,14,clonotype1,clonotype1_consensus_1
TTGCCGTAGAATGTGT-1,True,TTGCCGTAGAATGTGT-1_contig_1,True,566,IGK,IGKV4-1,None,IGKJ2,IGKC,True,True,CQQYYSTPYTF,TGTCAGCAATATTATAGTACTCCGTACACTTTT,11945,44,clonotype82,clonotype82_consensus_2
TTGCCGTAGAATGTGT-1,True,TTGCCGTAGAATGTGT-1_contig_2,True,514,IGH,IGHV2-5,None,IGHJ6,IGHM,True,True,CAHSDYYEGRGMDVW,TGTGCACACAGCGACTACTATGAGGGGCGCGGTATGGACGTCTGG,9030,37,clonotype82,clonotype82_consensus_1
AACTCAGCAATGAAAC-1,False,AACTCAGCAATGAAAC-1_contig_1,False,314,IGH,IGHV3-30,None,IGHJ6,IGHM,True,False,CANLEGNGMDVW,TGTGCGAACCTCGAGGGGAACGGTATGGACGTCTGG,20,1,None,None
AAGACCTGTCTCTCGT-1,False,AAGACCTGTCTCTCGT-1_contig_1,False,587,IGH,IGHV1-69D,None,IGHJ3,IGHD,True,True,CARDSEGEPSAGDAFDIW,TGTGCGAGAGATTCGGAAGGGGAGCCCTCAGCCGGGGATGCTTTTGATATCTGG,268,1,None,None
ACACCCTGTAGTACCT-1,False,ACACCCTGTAGTACCT-1_contig_1,False,467,IGH,IGHV3-21,None,IGHJ4,IGHA1,True,True,CAGGQGWGGSYFDYW,TGTGCGGGGGGCCAGGGGTGGGGTGGTTCATACTTTGACTACTGG,26,1,None,None
ACCCACTCAAGTTAAG-1,False,ACCCACTCAAGTTAAG-1_contig_1,False,565,IGH,IGHV1-2,IGHD3-3,IGHJ6,IGHM,True,True,CARGVTIFGVVIMGGMDVW,TGTGCGAGAGGGGTTACGATTTTTGGAGTGGTTATTATGGGGGGTATGGACGTCTGG,171,1,None,None
ACCGTAAAGTACGACG-1,False,ACCGTAAAGTACGACG-1_contig_1,False,548,IGK,IGKV1-9,None,IGKJ5,IGKC,True,True,CQQLSTDPITF,TGTCAACAACTTAGTACTGACCCGATCACCTTC,266,1,None,None
ACGATACCACGGATAG-1,False,ACGATACCACGGATAG-1_contig_1,False,563,IGK,IGKV2-28,None,IGKJ2,IGKC,True,True,CMQALQIPYTF,TGCATGCAAGCTCTACAAATTCCGTACACTTTT,286,1,None,None
AGATTGCGTGCGAAAC-1,False,AGATTGCGTGCGAAAC-1_contig_1,False,569,IGK,IGKV4-1,None,IGKJ2,IGKC,True,True,CQPYYGAPPYTF,TGTCAGCCATATTATGGTGCTCCTCCGTACACTTTT,310,1,None,None
AGGTCATTCAGCTGGC-1,False,AGGTCATTCAGCTGGC-1_contig_1,False,583,IGH,IGHV3-23,None,IGHJ4,IGHM,True,True,CVKDRSSRQLKAVGTYFDCW,TGTGTGAAAGATCGAAGCTCCCGCCAACTGAAGGCGGTAGGTACCTACTTTGACTGCTGG,121,1,None,None
AGGTCCGCAATGTAAG-1,False,AGGTCCGCAATGTAAG-1_contig_1,False,651,IGH,IGHV3-21,None,IGHJ4,IGHA1,True,True,CAGGQGWGGSYFDYW,TGTGCGGGGGGCCAGGGGTGGGGTGGTTCATACTTTGACTACTGG,299,1,None,None
ATCCGAAAGGTAGCCA-1,False,ATCCGAAAGGTAGCCA-1_contig_1,False,506,IGH,IGHV4-34,None,IGHJ4,IGHM,True,True,CARMLTIDW,TGTGCGAGAATGCTAACAATCGACTGG,289,1,None,None
ATCGAGTGTCCGTGAC-1,False,ATCGAGTGTCCGTGAC-1_contig_1,False,563,IGK,IGKV2-28,None,IGKJ1,IGKC,True,True,CMQALQTPRTF,TGCATGCAAGCTCTACAAACTCCTCGGACGTTC,182,1,None,None
ATTGGTGCAACTGCTA-1,False,ATTGGTGCAACTGCTA-1_contig_1,False,578,IGH,IGHV3-30,None,IGHJ4,IGHM,True,True,CAKANLAGVVAAIGIDYW,TGTGCGAAAGCCAACTTGGCCGGGGTGGTAGCTGCTATAGGGATTGACTACTGG,143,1,None,None
ATTGGTGGTCGCGTGT-1,False,ATTGGTGGTCGCGTGT-1_contig_1,False,563,IGK,IGKV2-28,None,IGKJ4,IGKC,True,True,CMQALQTPLTF,TGCATGCAAGCTCTACAAACTCCGCTCACTTTC,92,1,None,None
CAACCAAGTTTAGCTG-1,False,CAACCAAGTTTAGCTG-1_contig_1,False,564,IGK,IGKV2D-28,None,IGKJ2,IGKC,True,True,CMQALQIPYTF,TGCATGCAAGCTCTACAAATTCCGTACACTTTT,273,1,None,None
CAACCTCTCCAGTAGT-1,False,CAACCTCTCCAGTAGT-1_contig_1,False,633,IGL,IGLV7-43,None,IGLJ3,IGLC2,True,True,CLLYYGGAQLWVF,TGCCTGCTCTACTATGGTGGTGCTCAGCTTTGGGTGTTC,208,1,None,None
CACAGGCAGCTAACTC-1,False,CACAGGCAGCTAACTC-1_contig_1,False,639,IGL,IGLV5-45,None,IGLJ3,IGLC2,True,True,CMIWHSSAWVF,TGTATGATTTGGCACAGCAGCGCTTGGGTGTTC,249,1,None,None
CACAGTACAGCCAGAA-1,False,CACAGTACAGCCAGAA-1_contig_1,False,563,IGK,IGKV2-28,None,IGKJ2,IGKC,True,True,CMQALQIPYTF,TGCATGCAAGCTCTACAAATTCCGTACACTTTT,211,1,None,None
CAGAATCGTAGGCATG-1,False,CAGAATCGTAGGCATG-1_contig_1,False,651,IGH,IGHV3-21,None,IGHJ4,IGHA1,True,True,CAGGQGWGGSYFDYW,TGTGCGGGGGGCCAGGGGTGGGGTGGTTCATACTTTGACTACTGG,119,1,None,None
CAGGTGCGTAGCGATG-1,False,CAGGTGCGTAGCGATG-1_contig_1,False,563,IGK,IGKV2-28,None,IGKJ2,IGKC,True,True,CMQALQIPYTF,TGCATGCAAGCTCTACAAATTCCGTACACTTTT,74,1,None,None
CATCCACAGGTAGCCA-1,False,CATCCACAGGTAGCCA-1_contig_1,False,582,IGH,IGHV4-34,IGHD3-22,IGHJ4,IGHD,True,True,CARLPAPGPNYYDSSGYYYGIDYW,TGTGCGAGATTACCGGCCCCGGGCCCTAATTACTATGATAGTAGTGGTTATTACTACGGAATTGACTACTGG,299,1,None,None
CATTATCCACGAAAGC-1,False,CATTATCCACGAAAGC-1_contig_1,False,580,IGH,IGHV3-33,None,IGHJ4,IGHM,True,True,CARDELDILTGYNIPTFGGCVYW,TGTGCGAGAGATGAGTTAGATATTTTGACTGGTTACAATATCCCAACCTTTGGGGGTTGTGTCTACTGG,218,1,None,None
CATTCGCCATCCCATC-1,False,CATTCGCCATCCCATC-1_contig_1,False,563,IGK,IGKV2-28,None,IGKJ2,IGKC,True,True,CMQALQIPYTF,TGCATGCAAGCTCTACAAATTCCGTACACTTTT,297,1,None,None
CCACCTATCATATCGG-1,False,CCACCTATCATATCGG-1_contig_1,False,436,IGH,None,None,IGHJ4,IGHM,False,False,None,None,91,1,None,None
CCACGGACATCAGTAC-1,False,CCACGGACATCAGTAC-1_contig_1,False,559,IGH,IGHV4-34,None,IGHJ2,IGHD,True,True,CARGTVTTGRGYFDLW,TGTGCGAGAGGGACGGTGACTACGGGAAGGGGGTACTTCGATCTCTGG,319,1,None,None
CCTAAAGCAAAGCGGT-1,False,CCTAAAGCAAAGCGGT-1_contig_1,False,657,IGH,IGHV3-21,None,IGHJ4,IGHA1,True,True,CAGGQGWGGSYFDYW,TGTGCGGGGGGCCAGGGGTGGGGTGGTTCATACTTTGACTACTGG,283,1,None,None
CCTAAAGCATGCTGGC-1,False,CCTAAAGCATGCTGGC-1_contig_1,False,341,IGH,None,None,IGHJ3,IGHM,False,False,None,None,479,3,None,None
CCTATTACATTTCAGG-1,False,CCTATTACATTTCAGG-1_contig_1,False,636,IGL,IGLV2-23,None,IGLJ1,IGLC1,True,True,CCSYAGSSTPYVF,TGCTGCTCATATGCAGGTAGTAGCACTCCTTATGTCTTC,46,1,None,None
CCTCTGAAGAAACCGC-1,False,CCTCTGAAGAAACCGC-1_contig_1,False,563,IGK,IGKV2-28,None,IGKJ2,IGKC,True,True,CMQALQIPYTF,TGCATGCAAGCTCTACAAATTCCGTACACTTTT,128,1,None,None
CCTTCGATCTAACTCT-1,False,CCTTCGATCTAACTCT-1_contig_1,False,553,IGK,IGKV3-15,None,IGKJ4,IGKC,True,True,CQQYNDWPPLTF,TGTCAGCAGTATAATGACTGGCCTCCGCTCACTTTC,352,1,None,None
CGAGCACCACCGAAAG-1,False,CGAGCACCACCGAAAG-1_contig_1,False,393,IGH,None,None,IGHJ3,IGHM,False,False,None,None,540,2,None,None
CGGGTCACAGCTTAAC-1,False,CGGGTCACAGCTTAAC-1_contig_1,False,544,IGH,IGHV3-21,None,IGHJ4,IGHA1,True,True,CAGGQGWGGSYFDYW,TGTGCGGGGGGCCAGGGGTGGGGTGGTTCATACTTTGACTACTGG,97,1,None,None
CGTCTACTCGTTGCCT-1,False,CGTCTACTCGTTGCCT-1_contig_1,False,571,IGK,IGKV2-28,None,IGKJ2,IGKC,True,True,CMQALQIPYTF,TGCATGCAAGCTCTACAAATTCCGTACACTTTT,273,1,None,None
CGTTGGGCAAACTGCT-1,False,CGTTGGGCAAACTGCT-1_contig_1,False,554,IGK,IGKV1D-39,None,IGKJ4,IGKC,True,True,CQQSYSPPATF,TGTCAACAGAGTTACAGTCCGCCAGCCACTTTC,48,1,None,None
CTAATGGCACAAGCCC-1,False,CTAATGGCACAAGCCC-1_contig_1,False,557,IGH,IGHV3-23,None,IGHJ4,IGHM,True,True,CAKDLGELTDYW,TGTGCGAAAGATCTTGGGGAGTTAACGGACTACTGG,231,1,None,None
CTACATTCAGCTTAAC-1,False,CTACATTCAGCTTAAC-1_contig_1,False,651,IGH,IGHV3-21,None,IGHJ4,IGHA1,True,True,CAGGQGWGGSYFDYW,TGTGCGGGGGGCCAGGGGTGGGGTGGTTCATACTTTGACTACTGG,152,1,None,None
CTACCCATCAGCAACT-1,False,CTACCCATCAGCAACT-1_contig_1,False,567,IGH,IGHV4-61,None,IGHJ4,IGHD,True,True,CARDVSDGYNYEAWVDYW,TGTGCGAGAGATGTTTCGGATGGCTACAATTATGAGGCTTGGGTTGACTACTGG,88,1,None,None
CTAGCCTTCGATGAGG-1,False,CTAGCCTTCGATGAGG-1_contig_1,False,547,IGK,IGKV1D-39,None,IGKJ2,IGKC,True,True,CQQSYRTPFTF,TGTCAACAGAGTTACAGAACCCCGTTCACTTTT,264,1,None,None
CTCACACCACAAGCCC-1,False,CTCACACCACAAGCCC-1_contig_1,False,647,IGL,IGLV2-14,None,IGLJ2,IGLC2,True,True,CSSYTSSSTLVVVF,TGCAGCTCATATACAAGCAGCAGCACTCTCGTTGTGGTATTC,231,1,None,None
CTCATTACAGGCAGTA-1,False,CTCATTACAGGCAGTA-1_contig_1,False,564,IGK,IGKV2D-28,None,IGKJ2,IGKC,True,True,CMQALQIPYTF,TGCATGCAAGCTCTACAAATTCCGTACACTTTT,243,1,None,None
CTCGTACGTAAGGGCT-1,False,CTCGTACGTAAGGGCT-1_contig_1,False,559,IGH,IGHV6-1,None,IGHJ3,IGHM,True,True,CVGVGYNYRRDGAFDIW,TGTGTAGGAGTTGGCTACAATTACAGGAGGGATGGAGCTTTTGATATCTGG,261,1,None,None
CTGAAGTCAGCTTAAC-1,False,CTGAAGTCAGCTTAAC-1_contig_1,False,567,IGK,IGKV2D-28,None,IGKJ2,IGKC,True,True,CMQALQIPYTF,TGCATGCAAGCTCTACAAATTCCGTACACTTTT,121,1,None,None
CTGATAGAGAGCCTAG-1,False,CTGATAGAGAGCCTAG-1_contig_1,False,563,IGK,IGKV2-28,None,IGKJ2,IGKC,True,True,CMQALQIPYTF,TGCATGCAAGCTCTACAAATTCCGTACACTTTT,280,1,None,None
CTGGTCTAGGGCATGT-1,False,CTGGTCTAGGGCATGT-1_contig_1,False,569,IGK,IGKV2-28,None,IGKJ2,IGKC,True,True,CMQALQIPYTF,TGCATGCAAGCTCTACAAATTCCGTACACTTTT,273,1,None,None
GAACCTACACAGCGTC-1,False,GAACCTACACAGCGTC-1_contig_1,False,416,IGK,IGKV3-20,None,IGKJ1,IGKC,True,False,CQQYGSSPWTF,TGTCAGCAGTATGGTAGCTCACCTTGGACGTTC,210,1,None,None
GACGTTATCACGGTTA-1,False,GACGTTATCACGGTTA-1_contig_1,False,660,IGH,IGHV3-23,None,IGHJ4,IGHA2,True,True,CAKDLLSIYGSPSDYW,TGTGCGAAAGATCTCCTATCCATCTATGGTTCCCCGTCTGACTACTGG,691,1,None,None
GATTCAGGTGGGTCAA-1,False,GATTCAGGTGGGTCAA-1_contig_1,False,657,IGH,IGHV3-21,None,IGHJ4,IGHA1,True,True,CAGGQGWGGSYFDYW,TGTGCGGGGGGCCAGGGGTGGGGTGGTTCATACTTTGACTACTGG,287,1,None,None
GCAGCCAAGAGGTACC-1,False,GCAGCCAAGAGGTACC-1_contig_1,False,646,IGH,IGHV3-21,None,IGHJ4,IGHA1,True,True,CAGGQGWGGSYFDYW,TGTGCGGGGGGCCAGGGGTGGGGTGGTTCATACTTTGACTACTGG,82,1,None,None
GCAGCCATCGACCAGC-1,False,GCAGCCATCGACCAGC-1_contig_1,False,552,IGK,IGKV1D-39,None,IGKJ3,IGKC,True,True,CQQSYSTPFTF,TGTCAACAGAGTTACAGTACCCCATTCACTTTC,221,1,None,None
GCGACCAAGGAACTGC-1,False,GCGACCAAGGAACTGC-1_contig_1,False,529,IGH,IGHV4-61,None,IGHJ4,IGHM,True,True,CARGYATALSRTDYW,TGTGCGAGGGGTTACGCTACCGCCCTCTCACGCACCGACTACTGG,89,1,None,None
GCGACCACACAAGACG-1,False,GCGACCACACAAGACG-1_contig_1,False,563,IGK,IGKV2-28,None,IGKJ2,IGKC,True,True,CMQALQIPYTF,TGCATGCAAGCTCTACAAATTCCGTACACTTTT,94,1,None,None
GCGACCAGTTCAGGCC-1,False,GCGACCAGTTCAGGCC-1_contig_1,False,501,IGH,IGHV4-61,None,IGHJ4,IGHM,True,True,CARGYATALSRTDYW,TGTGCGAGGGGTTACGCTACCGCCCTCTCACGCACCGACTACTGG,31,1,None,None
GCGAGAAAGAATGTGT-1,False,GCGAGAAAGAATGTGT-1_contig_1,False,651,IGH,IGHV3-21,None,IGHJ4,IGHA1,True,True,CAGGQGWGGSYFDYW,TGTGCGGGGGGCCAGGGGTGGGGTGGTTCATACTTTGACTACTGG,301,1,None,None
GCGCCAAAGGCCATAG-1,False,GCGCCAAAGGCCATAG-1_contig_1,False,344,IGH,None,None,IGHJ3,IGHM,False,False,None,None,233,2,None,None
GCGCCAAAGGCCATAG-1,False,GCGCCAAAGGCCATAG-1_contig_2,False,782,IGK,None,None,IGKJ1,IGKC,False,False,None,None,330,5,None,None
GCGGGTTCAGCTTAAC-1,False,GCGGGTTCAGCTTAAC-1_contig_1,False,563,IGK,IGKV2-28,None,IGKJ2,IGKC,True,True,CMQALQIPYTF,TGCATGCAAGCTCTACAAATTCCGTACACTTTT,292,1,None,None
GCTGCAGCAGCTTAAC-1,False,GCTGCAGCAGCTTAAC-1_contig_1,False,563,IGK,IGKV2-28,None,IGKJ2,IGKC,True,True,CMQALQIPYTF,TGCATGCAAGCTCTACAAATTCCGTACACTTTT,245,1,None,None
GCTGCAGGTGTGACCC-1,False,GCTGCAGGTGTGACCC-1_contig_1,False,657,IGH,IGHV3-21,None,IGHJ4,IGHA1,True,True,CAGGQGWGGSYFDYW,TGTGCGGGGGGCCAGGGGTGGGGTGGTTCATACTTTGACTACTGG,276,1,None,None
GCTGCGACAACGATCT-1,False,GCTGCGACAACGATCT-1_contig_1,False,566,IGK,IGKV2D-28,None,IGKJ2,IGKC,True,True,CMQALQIPYTF,TGCATGCAAGCTCTACAAATTCCGTACACTTTT,149,2,None,None
GGAACTTAGCAATATG-1,False,GGAACTTAGCAATATG-1_contig_1,False,548,IGK,IGKV1-5,None,IGKJ2,IGKC,True,True,CQQYNSLYTF,TGCCAACAGTATAATAGTTTGTACACTTTT,207,1,None,None
GGAATAACATTCCTGC-1,False,GGAATAACATTCCTGC-1_contig_1,False,323,IGH,None,None,IGHJ5,IGHD,False,False,None,None,177,1,None,None
GGAATAAGTTAGATGA-1,False,GGAATAAGTTAGATGA-1_contig_1,False,366,IGH,None,None,IGHJ3,IGHM,False,False,None,None,754,4,None,None
GGGAATGCAAATCCGT-1,False,GGGAATGCAAATCCGT-1_contig_1,False,557,IGK,IGKV1D-39,None,IGKJ5,IGKC,True,True,CQQSYSTPQVTF,TGTCAACAGAGTTACAGTACCCCTCAGGTCACCTTC,266,1,None,None
GTACTCCCAGCTTAAC-1,False,GTACTCCCAGCTTAAC-1_contig_1,False,657,IGH,IGHV3-21,None,IGHJ4,IGHA1,True,True,CAGGQGWGGSYFDYW,TGTGCGGGGGGCCAGGGGTGGGGTGGTTCATACTTTGACTACTGG,219,1,None,None
GTAGGCCCAAAGGAAG-1,False,GTAGGCCCAAAGGAAG-1_contig_1,False,564,IGK,IGKV4-1,None,IGKJ2,IGKC,True,True,CQPYYGAPPYTF,TGTCAGCCATATTATGGTGCTCCTCCGTACACTTTT,289,1,None,None
GTCATTTTCTAGAGTC-1,False,GTCATTTTCTAGAGTC-1_contig_1,False,356,IGL,None,None,IGLJ2,IGLC2,False,False,None,None,2010,10,None,None
GTCGGGTCACGTTGGC-1,False,GTCGGGTCACGTTGGC-1_contig_1,False,563,IGK,IGKV2-28,None,IGKJ2,IGKC,True,True,CMQALQIPYTF,TGCATGCAAGCTCTACAAATTCCGTACACTTTT,126,1,None,None
GTCTTCGAGAGACGAA-1,False,GTCTTCGAGAGACGAA-1_contig_1,False,563,IGK,IGKV2-28,None,IGKJ2,IGKC,True,True,CMQALQIPYTF,TGCATGCAAGCTCTACAAATTCCGTACACTTTT,73,1,None,None
GTGCGGTAGGCAAAGA-1,False,GTGCGGTAGGCAAAGA-1_contig_1,False,554,IGK,IGKV3-15,None,IGKJ1,IGKC,True,True,CQQYNNWPPWTF,TGTCAGCAGTATAATAACTGGCCTCCGTGGACGTTC,328,1,None,None
GTGGGTCCATACGCCG-1,False,GTGGGTCCATACGCCG-1_contig_1,False,512,IGK,IGKV3-15,None,IGKJ1,IGKC,True,False,CQQYHYWPRTF,TGTCAGCAGTATCATTACTGGCCTCGGACATTC,23,1,None,None
GTTAAGCGTACAGTGG-1,False,GTTAAGCGTACAGTGG-1_contig_1,False,540,IGK,IGKV2-28,None,IGKJ2,IGKC,True,True,CMQALQIPYTF,TGCATGCAAGCTCTACAAATTCCGTACACTTTT,275,1,None,None
GTTCATTTCTGGAGCC-1,False,GTTCATTTCTGGAGCC-1_contig_1,False,514,IGH,IGHV3-30,None,IGHJ6,IGHM,True,True,CANLEGNGMDVW,TGTGCGAACCTCGAGGGGAACGGTATGGACGTCTGG,360,1,None,None
TAAGTGCCAGTGGAGT-1,False,TAAGTGCCAGTGGAGT-1_contig_1,False,557,IGK,IGKV3D-20,None,IGKJ3,IGKC,True,True,CQQYGSSLFTF,TGTCAGCAGTATGGTAGCTCACTTTTCACTTTC,351,1,None,None
TACTCATTCATCGGAT-1,False,TACTCATTCATCGGAT-1_contig_1,False,564,IGK,IGKV4-1,None,IGKJ1,IGKC,True,True,CQQYYNSPRTF,TGTCAGCAATATTACAATTCTCCTCGAACGTTC,249,1,None,None
TAGACCACAAGTTAAG-1,False,TAGACCACAAGTTAAG-1_contig_1,False,544,IGK,IGKV1D-39,None,IGKJ2,IGKC,True,True,CQQSYSTPYTF,TGTCAACAGAGTTACAGTACCCCGTACACTTTT,263,1,None,None
TCAACGACACGAAACG-1,False,TCAACGACACGAAACG-1_contig_1,False,339,IGH,IGHV3-21,None,None,IGHA1,False,False,None,None,473,1,None,None
TCAACGACAGCTTAAC-1,False,TCAACGACAGCTTAAC-1_contig_1,False,563,IGK,IGKV2-28,None,IGKJ2,IGKC,True,True,CMQALQIPYTF,TGCATGCAAGCTCTACAAATTCCGTACACTTTT,246,2,None,None
TCAGGATAGCGTGAGT-1,False,TCAGGATAGCGTGAGT-1_contig_1,False,375,IGH,None,None,IGHJ3,IGHD,False,False,None,None,554,1,None,None
TCATTTGCACCAGGTC-1,False,TCATTTGCACCAGGTC-1_contig_1,False,563,IGH,IGHV1-2,IGHD3-3,IGHJ6,IGHM,True,True,CARGVTIFGVVIMGGMDVW,TGTGCGAGAGGGGTTACGATTTTTGGAGTGGTTATTATGGGGGGTATGGACGTCTGG,292,1,None,None
TCGCGAGCAAATACAG-1,False,TCGCGAGCAAATACAG-1_contig_1,False,551,IGK,IGKV3-11,None,IGKJ3,IGKC,True,True,CQQRSNWPTF,TGTCAGCAGCGTAGCAACTGGCCCACTTTC,180,1,None,None
TCGTACCTCTCGTTTA-1,False,TCGTACCTCTCGTTTA-1_contig_1,False,571,IGH,IGHV3-21,None,IGHJ4,IGHA1,True,True,CAGGQGWGGSYFDYW,TGTGCGGGGGGCCAGGGGTGGGGTGGTTCATACTTTGACTACTGG,60,1,None,None
TCTCATATCAAAGTAG-1,False,TCTCATATCAAAGTAG-1_contig_1,False,568,IGH,IGHV1-8,None,IGHJ5,IGHM,True,True,CAREDLLWFGERWAKNSFDPW,TGTGCGAGAGAAGATTTACTATGGTTCGGGGAGCGGTGGGCCAAGAACTCGTTCGACCCCTGG,151,1,None,None
TCTCTAAAGGTAGCCA-1,False,TCTCTAAAGGTAGCCA-1_contig_1,False,512,IGH,IGHV4-34,None,IGHJ4,IGHM,True,True,CARMLTIDW,TGTGCGAGAATGCTAACAATCGACTGG,10603,51,None,None
TCTCTAAAGGTAGCCA-1,False,TCTCTAAAGGTAGCCA-1_contig_2,False,560,IGH,IGHV3-30,None,IGHJ6,IGHM,True,True,CANLEGNGMDVW,TGTGCGAACCTCGAGGGGAACGGTATGGACGTCTGG,5697,32,None,None
TCTCTAAAGGTAGCCA-1,False,TCTCTAAAGGTAGCCA-1_contig_3,False,556,IGK,IGKV1-17,None,IGKJ1,IGKC,True,True,CLQHNSYPRTF,TGTCTACAGCATAATAGTTACCCTCGGACGTTC,10403,39,None,None
TCTCTAAAGGTAGCCA-1,False,TCTCTAAAGGTAGCCA-1_contig_4,False,651,IGL,IGLV1-47,None,IGLJ3,IGLC3,True,True,CAAWDDSLSGPNWVF,TGTGCAGCATGGGATGACAGCCTGAGTGGCCCTAATTGGGTGTTC,8674,38,None,None
TCTCTAAAGGTAGCCA-1,False,TCTCTAAAGGTAGCCA-1_contig_5,False,648,IGL,IGLV1-47,None,IGLJ1,IGLC1,True,True,CAAWDDSLSGSYVF,TGTGCAGCATGGGATGACAGCCTGAGTGGTTCTTATGTCTTC,6266,26,None,None
TCTCTAAAGGTAGCCA-1,False,TCTCTAAAGGTAGCCA-1_contig_6,False,557,IGH,IGHV4-34,IGHD3-22,IGHJ4,IGHM,True,True,CARLPAPGPNYYDSSGYYYGIDYW,TGTGCGAGATTACCGGCCCCGGGCCCTAATTACTATGATAGTAGTGGTTATTACTACGGAATTGACTACTGG,8101,49,None,None
TCTCTAAAGGTAGCCA-1,False,TCTCTAAAGGTAGCCA-1_contig_7,False,475,IGH,None,IGHD3-3,IGHJ6,IGHD,False,False,None,None,621,4,None,None
TCTGGAAGTCCGACGT-1,False,TCTGGAAGTCCGACGT-1_contig_1,False,419,IGH,IGHV3-21,None,IGHJ4,None,True,False,CAGGQGWGGSYFDYW,TGTGCGGGGGGCCAGGGGTGGGGTGGTTCATACTTTGACTACTGG,14,1,None,None
TGACGGCTCCGCTGTT-1,False,TGACGGCTCCGCTGTT-1_contig_1,False,541,IGH,IGHV4-61,None,IGHJ5,IGHM,True,True,CARDKVVGARNWFDPW,TGTGCGAGAGATAAGGTAGTGGGAGCTCGCAACTGGTTCGACCCCTGG,59,1,None,None
TGACTTTCAATCCAAC-1,False,TGACTTTCAATCCAAC-1_contig_1,False,559,IGH,IGHV1-2,IGHD3-3,IGHJ5,IGHM,True,True,CARAVLRFLEWFSNWFDPW,TGTGCGAGAGCAGTATTACGATTTTTGGAGTGGTTCTCTAACTGGTTCGACCCCTGG,179,1,None,None
TGCCCTATCCTAAGTG-1,False,TGCCCTATCCTAAGTG-1_contig_1,False,549,IGK,IGKV1-17,None,IGKJ2,IGKC,True,True,CLQHNSYPYTF,TGTCTACAGCATAATAGTTACCCGTACACTTTT,319,1,None,None
TGCGCAGCAATTCCTT-1,False,TGCGCAGCAATTCCTT-1_contig_1,False,657,IGH,IGHV3-21,None,IGHJ4,IGHA1,True,True,CAGGQGWGGSYFDYW,TGTGCGGGGGGCCAGGGGTGGGGTGGTTCATACTTTGACTACTGG,257,1,None,None
TGCGGGTTCTGCCAGG-1,False,TGCGGGTTCTGCCAGG-1_contig_1,False,527,IGH,IGHV4-39,None,IGHJ5,IGHM,True,True,CARHPEAKNWFDPW,TGTGCGAGACATCCTGAGGCGAAGAACTGGTTCGACCCCTGG,266,1,None,None
TGCTACCCAGCTTAAC-1,False,TGCTACCCAGCTTAAC-1_contig_1,False,657,IGH,IGHV3-21,None,IGHJ4,IGHA1,True,True,CAGGQGWGGSYFDYW,TGTGCGGGGGGCCAGGGGTGGGGTGGTTCATACTTTGACTACTGG,271,1,None,None
TGGGCGTCATTCTTAC-1,False,TGGGCGTCATTCTTAC-1_contig_1,False,464,IGH,IGHV3-21,None,IGHJ4,None,True,True,CAGGQGWGGSYFDYW,TGTGCGGGGGGCCAGGGGTGGGGTGGTTCATACTTTGACTACTGG,21,1,None,None
TGGTTCCGTTCACCTC-1,False,TGGTTCCGTTCACCTC-1_contig_1,False,547,IGK,IGKV1D-39,None,IGKJ3,IGKC,True,True,CQQSYSTPFTF,TGTCAACAGAGTTACAGTACCCCATTCACTTTC,211,1,None,None
TGTCCCACAATCGAAA-1,False,TGTCCCACAATCGAAA-1_contig_1,False,565,IGH,IGHV3-7,None,IGHJ4,IGHM,True,True,CAREGREGGGFDYW,TGTGCGCGAGAAGGCCGGGAGGGAGGGGGATTTGACTACTGG,279,1,None,None
TGTGGTATCACAACGT-1,False,TGTGGTATCACAACGT-1_contig_1,False,574,IGH,IGHV3-23,None,IGHJ4,IGHM,True,True,CAKAGDSSGYQKTYYFDYW,TGTGCGAAAGCAGGCGATAGTAGTGGTTACCAAAAGACGTACTACTTTGACTACTGG,252,1,None,None
TTATGCTTCGGTCCGA-1,False,TTATGCTTCGGTCCGA-1_contig_1,False,555,IGK,IGKV1D-37,None,IGKJ3,IGKC,True,False,None,None,233,1,None,None
TTCCCAGTCCGTCATC-1,False,TTCCCAGTCCGTCATC-1_contig_1,False,635,IGL,IGLV1-51,None,IGLJ1,IGLC1,True,True,CGTWDSSLSAYVF,TGCGGAACATGGGATAGCAGCCTGAGTGCTTATGTCTTC,269,1,None,None
TTCTCAAGTGTCCTCT-1,False,TTCTCAAGTGTCCTCT-1_contig_1,False,547,IGK,IGKV1D-39,None,IGKJ2,IGKC,True,True,CQQSYRTPFTF,TGTCAACAGAGTTACAGAACCCCGTTCACTTTT,246,1,None,None
TTGACTTTCATCGATG-1,False,TTGACTTTCATCGATG-1_contig_1,False,641,IGL,IGLV2-14,None,IGLJ1,IGLC1,True,True,CSSYTSSSTHVF,TGCAGCTCATATACAAGCAGCAGCACTCATGTCTTC,249,1,None,None
TTGTAGGCATCGGAAG-1,False,TTGTAGGCATCGGAAG-1_contig_1,False,644,IGL,IGLV2-14,None,IGLJ2,IGLC2,True,True,CSSYTSSSTLVVVF,TGCAGCTCATATACAAGCAGCAGCACTCTCGTTGTGGTATTC,183,1,None,None
TTTATGCAGTACTTGC-1,False,TTTATGCAGTACTTGC-1_contig_1,False,602,IGH,IGHV1-69D,IGHD3-22,IGHJ4,IGHD,True,True,CARDSPEFSNSNYYDSSGYLRYW,TGTGCGAGAGATTCCCCAGAATTCTCAAACTCAAATTACTATGATAGTAGTGGTTATTTGCGCTACTGG,365,1,None,None
