clonotype_id,consensus_id,length,chain,v_gene,d_gene,j_gene,c_gene,full_length,productive,cdr3,cdr3_nt,reads,umis
clonotype10,clonotype10_consensus_1,554,IGK,IGKV1D-39,None,IGKJ2,IGKC,True,True,CQQSYSTPGTF,TGTCAACAGAGTTACAGTACCCCGGGGACTTTT,15018,53
clonotype10,clonotype10_consensus_2,548,IGH,IGHV1-18,None,IGHJ4,IGHM,True,True,CARTGVTTVTTFPYW,TGTGCGAGAACGGGGGTGACTACGGTGACTACGTTCCCCTACTGG,8865,34
clonotype11,clonotype11_consensus_1,646,IGL,IGLV5-39,None,IGLJ3,IGLC3,True,True,CAIWYSSTWVF,TGTGCCATTTGGTACAGCAGCACTTGGGTGTTC,8762,36
clonotype11,clonotype11_consensus_2,577,IGH,IGHV3-48,None,IGHJ6,IGHM,True,True,CARDRWVVAAYYYGMDVW,TGTGCGAGAGATCGATGGGTGGTAGCTGCATACTACTACGGTATGGACGTCTGG,5641,30
clonotype12,clonotype12_consensus_1,568,IGK,IGKV2-28,None,IGKJ1,IGKC,True,True,CMQALQTPRTF,TGCATGCAAGCTCTACAAACTCCTCGGACGTTC,18510,67
clonotype12,clonotype12_consensus_2,531,IGH,IGHV4-59,None,IGHJ6,IGHM,True,True,CARDPMVRGVNYGMDVW,TGTGCGAGAGATCCGATGGTTCGGGGAGTCAACTACGGTATGGACGTCTGG,7400,34
clonotype13,clonotype13_consensus_1,559,IGH,IGHV6-1,None,IGHJ3,IGHM,True,True,CVGVGYNYRRDGAFDIW,TGTGTAGGAGTTGGCTACAATTACAGGAGGGATGGAGCTTTTGATATCTGG,10631,48
clonotype13,clonotype13_consensus_2,560,IGK,IGKV3-20,None,IGKJ5,IGKC,True,True,CQQYGSSPQITF,TGTCAGCAGTATGGTAGCTCACCTCAGATCACCTTC,15259,48
clonotype14,clonotype14_consensus_1,564,IGH,IGHV1-8,IGHD6-19,IGHJ6,IGHM,True,True,CARETGYSSGWYEATGMDVW,TGTGCGAGAGAGACCGGGTATAGCAGTGGCTGGTACGAAGCTACCGGTATGGACGTCTGG,10731,55
clonotype14,clonotype14_consensus_2,633,IGL,IGLV3-19,None,IGLJ2,IGLC2,True,True,CNSRDSSGNHLVF,TGTAACTCCCGGGACAGCAGTGGTAACCATCTGGTATTC,10950,43
clonotype15,clonotype15_consensus_1,563,IGH,IGHV1-18,IGHD2-15,IGHJ5,IGHM,True,True,CARSKGCSGGSCYHNWFDPW,TGTGCGAGGTCTAAAGGGTGTAGTGGTGGTAGCTGCTACCACAACTGGTTCGACCCCTGG,13358,54
clonotype15,clonotype15_consensus_2,557,IGK,IGKV1D-39,None,IGKJ2,IGKC,True,True,CQQSYSTPYTF,TGTCAACAGAGTTACAGTACCCCCTACACTTTT,7006,24
clonotype16,clonotype16_consensus_1,586,IGH,IGHV3-33,IGHD3-10,IGHJ6,IGHM,True,True,CARDRYYYGSGRHRGSYYYYGMDVW,TGTGCGAGAGATCGGTACTACTATGGTTCGGGGAGACATAGAGGGAGCTACTACTACTACGGTATGGACGTCTGG,5091,25
clonotype16,clonotype16_consensus_2,646,IGL,IGLV1-44,None,IGLJ3,IGLC3,True,True,CAAWDDSLNGWVF,TGTGCAGCATGGGATGACAGCCTGAATGGGTGGGTGTTC,6861,26
clonotype17,clonotype17_consensus_1,621,IGH,IGHV3-33,None,IGHJ6,IGHD,True,True,CAKPEAGQWLHVHHNHYGLDVW,TGTGCGAAGCCGGAGGCTGGGCAGTGGCTGCATGTTCACCACAACCACTACGGACTGGACGTCTGG,2540,9
clonotype17,clonotype17_consensus_2,653,IGL,IGLV1-40,None,IGLJ3,IGLC3,True,True,CQSFDNSLSGSVF,TGCCAGTCCTTTGACAACAGTCTCAGTGGTTCAGTGTTC,14055,48
clonotype18,clonotype18_consensus_1,553,IGH,IGHV3-21,None,IGHJ4,IGHM,True,True,CAAIAVYVYW,TGTGCGGCAATAGCAGTGTATGTCTACTGG,6847,37
clonotype18,clonotype18_consensus_2,551,IGK,IGKV1-16,None,IGKJ4,IGKC,True,True,CQQYNSYPLTF,TGCCAACAGTATAATAGTTACCCTCTCACTTTC,20888,82
clonotype19,clonotype19_consensus_1,578,IGH,IGHV3-30,None,IGHJ4,IGHM,True,True,CAKANLAGVVAAIGIDYW,TGTGCGAAAGCCAACTTGGCCGGGGTGGTAGCTGCTATAGGGATTGACTACTGG,3340,19
clonotype19,clonotype19_consensus_2,645,IGL,IGLV1-47,None,IGLJ2,IGLC2,True,True,CAAWDDSLSGVVF,TGTGCAGCATGGGATGACAGCCTGAGTGGTGTGGTATTC,6557,23
clonotype1,clonotype1_consensus_1,580,IGH,IGHV3-33,None,IGHJ4,IGHM,True,True,CARDELDILTGYNIPTFGGCVYW,TGTGCGAGAGATGAGTTAGATATTTTGACTGGTTACAATATCCCAACCTTTGGGGGTTGTGTCTACTGG,7147,39
clonotype1,clonotype1_consensus_2,551,IGK,IGKV1-8,None,IGKJ1,IGKC,True,True,CQQYYSYPWTF,TGTCAACAGTATTATAGTTACCCGTGGACGTTC,9868,37
clonotype20,clonotype20_consensus_1,552,IGK,IGKV1D-39,None,IGKJ5,IGKC,True,True,CQQSYSTPCTF,TGTCAACAGAGTTACAGTACCCCGTGCACCTTC,6736,27
clonotype20,clonotype20_consensus_2,518,IGH,IGHV4-59,None,IGHJ5,IGHM,True,True,CARGIQLWWWFDPW,TGTGCGAGAGGGATACAGCTATGGTGGTGGTTCGACCCCTGG,2539,16
clonotype21,clonotype21_consensus_1,661,IGL,IGLV2-14,None,IGLJ1,IGLC1,True,True,CSSYTSSSTSYVF,TGCAGCTCATATACAAGCAGCAGCACTTCTTATGTCTTC,871,5
clonotype21,clonotype21_consensus_2,565,IGH,IGHV1-69D,None,IGHJ6,IGHM,True,True,CASPQPGSGWSNYYYYGMDVW,TGTGCGAGTCCCCAACCGGGCAGTGGCTGGTCAAACTACTACTACTACGGTATGGACGTCTGG,485,4
clonotype22,clonotype22_consensus_1,701,IGH,IGHV3/OR16-12,None,IGHJ4,IGHG2,True,True,CVKEITAAKNRRKSLGYFFDFW,TGTGTAAAGGAGATAACAGCGGCCAAAAACCGCCGGAAGTCTTTGGGATACTTCTTTGACTTCTGG,812,9
clonotype22,clonotype22_consensus_2,570,IGK,IGKV3D-15,None,IGKJ4,IGKC,True,True,CQQYNDWPPLTF,TGTCAGCAGTATAATGACTGGCCTCCGCTCACTTTC,23188,71
clonotype23,clonotype23_consensus_1,565,IGH,IGHV3-33,None,IGHJ4,IGHM,True,True,CARDVCRGHYGDCLWGYW,TGTGCGAGAGATGTTTGTCGGGGACACTACGGTGACTGCCTGTGGGGATACTGG,8663,40
clonotype23,clonotype23_consensus_2,551,IGK,IGKV1-8,None,IGKJ5,IGKC,True,True,CQQYYSYPITF,TGTCAACAGTATTATAGTTACCCTATCACCTTC,8882,31
clonotype24,clonotype24_consensus_1,630,IGL,IGLV7-43,None,IGLJ3,IGLC2,True,True,CLLYYGGAWVF,TGCCTGCTCTACTATGGTGGTGCTTGGGTGTTC,14643,50
clonotype24,clonotype24_consensus_2,569,IGH,IGHV3-11,None,IGHJ4,IGHM,True,True,CARKGIAVRGGIDYW,TGTGCGAGAAAGGGTATAGCAGTGCGGGGGGGTATTGACTACTGG,6479,34
clonotype25,clonotype25_consensus_1,536,IGH,IGHV4-61,None,IGHJ4,IGHM,True,True,CARDVSDGYNYEAWVDYW,TGTGCGAGAGATGTTTCGGATGGCTACAATTATGAGGCTTGGGTTGACTACTGG,4748,21
clonotype25,clonotype25_consensus_2,555,IGK,IGKV1D-39,None,IGKJ1,IGKC,True,True,CQQSYSTLWTF,TGTCAACAGAGTTACAGTACCCTTTGGACGTTC,7565,29
clonotype26,clonotype26_consensus_1,581,IGH,IGHV3-30,None,IGHJ3,IGHM,True,True,CANGPPINYGDYEDAFDIW,TGTGCGAACGGACCACCTATAAACTACGGTGACTACGAGGATGCTTTTGATATCTGG,4807,28
clonotype26,clonotype26_consensus_2,551,IGK,IGKV1-16,None,IGKJ4,IGKC,True,True,CQQYNSYPLTF,TGCCAACAGTATAATAGTTACCCTCTCACTTTC,6304,22
clonotype27,clonotype27_consensus_1,554,IGK,IGKV1D-39,None,IGKJ2,IGKC,True,True,CQQSYRTPFTF,TGTCAACAGAGTTACAGAACCCCGTTCACTTTT,570,4
clonotype28,clonotype28_consensus_1,568,IGK,IGKV3-11,None,IGKJ3,IGKC,True,True,CQQRSNWPPGTF,TGTCAGCAGCGTAGCAACTGGCCTCCGGGCACTTTC,67019,246
clonotype28,clonotype28_consensus_2,565,IGH,IGHV3-48,None,IGHJ4,IGHM,True,True,CARDRRGEHNFDYW,TGTGCGAGAGATCGGAGGGGTGAACACAACTTTGACTACTGG,9571,54
clonotype29,clonotype29_consensus_1,556,IGK,IGKV1D-39,None,IGKJ1,IGKC,True,True,CQQSYSTPWTF,TGTCAACAGAGTTACAGTACCCCGTGGACGTTC,11160,43
clonotype29,clonotype29_consensus_2,556,IGH,IGHV1-69D,None,IGHJ3,IGHM,True,True,CARDSEGEPSAGDAFDIW,TGTGCGAGAGATTCGGAAGGGGAGCCCTCAGCCGGGGATGCTTTTGATATCTGG,7485,37
clonotype2,clonotype2_consensus_1,642,IGL,IGLV5-45,None,IGLJ3,IGLC2,True,True,CMIWHSSAWVF,TGTATGATTTGGCACAGCAGCGCTTGGGTGTTC,21520,79
clonotype2,clonotype2_consensus_2,541,IGH,IGHV4-61,IGHD3-3,IGHJ6,IGHM,True,True,CARENYDFWSGYYHGADVW,TGTGCGAGAGAAAATTACGATTTTTGGAGTGGTTATTACCACGGTGCGGACGTCTGG,2859,16
clonotype30,clonotype30_consensus_1,667,IGL,IGLV2-14,None,IGLJ2,IGLC2,True,True,CSSYTSSSTLVVF,TGCAGCTCATATACAAGCAGCAGCACTCTCGTTGTATTC,15695,60
clonotype30,clonotype30_consensus_2,569,IGH,IGHV3-30,None,IGHJ6,IGHM,True,True,CAKVLLDYYYGMDVW,TGTGCGAAAGTGCTATTGGACTACTACTACGGTATGGACGTCTGG,5402,26
clonotype31,clonotype31_consensus_1,569,IGK,IGKV2-28,None,IGKJ2,IGKC,True,True,CMQALQTRNTF,TGCATGCAAGCTCTACAAACTCGGAACACTTTT,10653,65
clonotype31,clonotype31_consensus_2,567,IGH,IGHV1-8,None,IGHJ6,IGHM,True,True,CARGGWWELPYYYYYGMDVW,TGTGCGAGAGGCGGGTGGTGGGAGCTGCCTTACTACTACTACTACGGTATGGACGTCTGG,5192,43
clonotype32,clonotype32_consensus_1,657,IGH,IGHV3-21,None,IGHJ4,IGHA1,True,True,CAGGQGWGGSYFDYW,TGTGCGGGGGGCCAGGGGTGGGGTGGTTCATACTTTGACTACTGG,29593,3017
clonotype32,clonotype32_consensus_2,571,IGK,IGKV2-28,None,IGKJ2,IGKC,True,True,CMQALQIPYTF,TGCATGCAAGCTCTACAAATTCCGTACACTTTT,47761,4506
clonotype33,clonotype33_consensus_1,548,IGH,IGHV3-30,None,IGHJ4,IGHM,True,True,CAKDPDYW,TGTGCGAAAGATCCGGACTACTGG,6972,32
clonotype33,clonotype33_consensus_2,562,IGK,IGKV3-11,None,IGKJ3,IGKC,True,True,CQQRSNWPTF,TGTCAGCAGCGTAGCAACTGGCCCACTTTC,17958,58
clonotype34,clonotype34_consensus_1,548,IGK,IGKV1-5,None,IGKJ1,IGKC,True,True,CQQYNSYWTF,TGCCAACAGTATAATAGTTATTGGACGTTC,6803,27
clonotype34,clonotype34_consensus_2,538,IGH,IGHV3-53,None,IGHJ6,IGHM,True,True,CARVLDVW,TGTGCGAGAGTGCTGGACGTCTGG,8739,47
clonotype35,clonotype35_consensus_1,577,IGH,IGHV3-48,None,IGHJ4,IGHM,True,True,CAREKWELPPPPYYFDYW,TGTGCGAGAGAGAAGTGGGAGCTACCTCCTCCCCCTTACTACTTTGACTACTGG,5956,40
clonotype35,clonotype35_consensus_2,641,IGL,IGLV2-11,None,IGLJ2,IGLC2,True,True,CCSYAGSYTVVF,TGCTGCTCATATGCAGGCAGCTACACTGTGGTATTC,9581,46
clonotype36,clonotype36_consensus_1,566,IGK,IGKV4-1,None,IGKJ4,IGKC,True,True,CQQYYSTPLTF,TGTCAGCAATATTATAGTACTCCCCTCACTTTC,8149,33
clonotype36,clonotype36_consensus_2,522,IGH,IGHV2-5,None,IGHJ4,IGHM,True,True,CAHRRYYYVAFDYW,TGTGCACACAGACGATACTACTACGTAGCCTTTGACTACTGG,6454,30
clonotype37,clonotype37_consensus_1,547,IGH,IGHV2-5,IGHD6-13,IGHJ4,IGHM,True,True,CAHHGSARYSSSWHAAPGPYYFDYW,TGTGCACACCATGGATCAGCCCGGTATAGCAGCAGCTGGCACGCCGCACCCGGCCCATACTACTTTGACTACTGG,7961,41
clonotype37,clonotype37_consensus_2,627,IGL,IGLV3-21,None,IGLJ1,IGLC1,True,True,CQVWDSRAYVF,TGTCAGGTGTGGGATAGTAGGGCTTATGTCTTC,5450,23
clonotype38,clonotype38_consensus_1,551,IGK,IGKV1-33,None,IGKJ2,IGKC,True,True,CQQYDNLPYTF,TGTCAACAGTATGATAATCTCCCCTACACTTTT,1225,9
clonotype38,clonotype38_consensus_2,567,IGH,IGHV1-24,IGHD3-22,IGHJ4,IGHM,True,True,CATEHRGRNYYDSSGYYFDYW,TGTGCAACAGAGCACCGAGGGCGAAATTACTATGATAGTAGTGGTTATTATTTTGACTACTGG,638,7
clonotype39,clonotype39_consensus_1,574,IGH,IGHV3-33,None,IGHJ4,IGHM,True,True,CARDFTEDGYNFDWRMLPDYW,TGTGCGAGAGATTTTACCGAAGATGGCTACAATTTTGATTGGAGAATGTTGCCAGACTACTGG,4489,25
clonotype39,clonotype39_consensus_2,568,IGK,IGKV3-11,None,IGKJ5,IGKC,True,True,CQQRSNWPPITF,TGTCAGCAGCGTAGCAACTGGCCTCCGATCACCTTC,30979,100
clonotype3,clonotype3_consensus_1,577,IGH,IGHV3-21,IGHD3-22,IGHJ4,IGHM,True,True,CARRYYDSSGYSANFDYW,TGTGCGAGACGTTACTATGATAGTAGTGGTTATTCCGCAAACTTTGACTACTGG,13340,73
clonotype3,clonotype3_consensus_2,627,IGL,IGLV4-69,None,IGLJ1,IGLC1,True,True,CQTWGTGIYVF,TGTCAGACCTGGGGCACTGGCATTTATGTCTTC,5862,21
clonotype40,clonotype40_consensus_1,542,IGH,IGHV4-61,None,IGHJ6,IGHM,True,True,CARGQIGGWSPYYYYGLDVW,TGTGCGAGAGGTCAAATAGGCGGATGGTCCCCGTATTATTACTACGGTTTGGACGTCTGG,1868,15
clonotype40,clonotype40_consensus_2,551,IGK,IGKV1-39,None,IGKJ3,IGKC,True,True,CQQGYTNPFTF,TGTCAACAGGGTTACACTAACCCATTCACTTTC,8432,33
clonotype41,clonotype41_consensus_1,536,IGH,IGHV4-34,None,IGHJ5,IGHM,True,True,CARGRNLGVVTKFNWFDPW,TGTGCGAGAGGCCGGAATCTTGGAGTGGTCACAAAATTCAACTGGTTCGACCCCTGG,11028,57
clonotype41,clonotype41_consensus_2,646,IGL,IGLV1-44,None,IGLJ2,IGLC2,True,True,CAAWDDSLNGLVF,TGTGCAGCATGGGATGACAGCCTGAATGGTCTGGTATTC,7323,28
clonotype42,clonotype42_consensus_1,557,IGK,IGKV1D-39,None,IGKJ4,IGKC,True,True,CQQSYSTPRTF,TGTCAACAGAGTTACAGTACCCCTAGAACTTTC,10571,59
clonotype42,clonotype42_consensus_2,580,IGH,IGHV3-7,IGHD1-26,IGHJ3,IGHM,True,True,CARDGPYSGSYYGDAFDIW,TGTGCGAGAGATGGGCCGTATAGTGGGAGCTACTACGGAGATGCTTTTGATATCTGG,3979,33
clonotype43,clonotype43_consensus_1,640,IGL,IGLV2-23,None,IGLJ1,IGLC1,True,True,CCSYAGSSTPYVF,TGCTGCTCATATGCAGGTAGTAGCACTCCTTATGTCTTC,20805,83
clonotype43,clonotype43_consensus_2,541,IGH,IGHV1-2,None,IGHJ4,IGHM,True,True,CARDLGATDYW,TGTGCGAGAGACCTGGGAGCTACAGACTACTGG,9566,50
clonotype44,clonotype44_consensus_1,636,IGL,IGLV3-25,None,IGLJ3,IGLC2,True,True,CQSADSSGTSWVF,TGTCAATCAGCAGACAGCAGTGGTACTTCATGGGTGTTC,674,3
clonotype45,clonotype45_consensus_1,577,IGH,IGHV3-23,None,IGHJ2,IGHM,True,True,CAKDGGLDYALYWYFDLW,TGTGCGAAAGACGGAGGGTTGGACTACGCTCTCTACTGGTACTTCGATCTCTGG,8002,46
clonotype45,clonotype45_consensus_2,548,IGK,IGKV1-5,None,IGKJ2,IGKC,True,True,CQQYNSLYTF,TGCCAACAGTATAATAGTTTGTACACTTTT,16727,58
clonotype46,clonotype46_consensus_1,513,IGH,IGHV2-5,None,IGHJ4,IGHM,True,True,CAHKMGRGGGVDYW,TGTGCACACAAAATGGGACGAGGGGGCGGCGTTGACTACTGG,15589,63
clonotype46,clonotype46_consensus_2,550,IGK,IGKV1-9,None,IGKJ5,IGKC,True,True,CQQLSTDPITF,TGTCAACAACTTAGTACTGACCCGATCACCTTC,29241,96
clonotype47,clonotype47_consensus_1,571,IGK,IGKV1D-39,None,IGKJ2,IGKC,True,True,CQQSYRSPYTF,TGTCAACAGAGTTACAGATCCCCGTACACTTTT,8254,34
clonotype47,clonotype47_consensus_2,536,IGH,IGHV4-34,None,IGHJ5,IGHM,True,True,CTRDPHYGDHVPHNWFDPW,TGTACGAGAGACCCCCACTACGGTGATCACGTCCCCCACAACTGGTTCGACCCCTGG,5926,30
clonotype48,clonotype48_consensus_1,648,IGH,IGHV1-18,None,IGHJ4,IGHG1,True,True,CARYDYDITVDHW,TGTGCGAGGTATGATTACGATATCACGGTTGACCACTGG,1073,9
clonotype48,clonotype48_consensus_2,565,IGK,IGKV2-28,None,IGKJ3,IGKC,True,True,CMQGLQPFTF,TGCATGCAAGGTCTACAACCATTCACTTTC,12444,48
clonotype49,clonotype49_consensus_1,557,IGH,IGHV1-18,IGHD5-18,IGHJ5,IGHM,True,True,CARAVDTAMVTNNWFDPW,TGTGCGAGAGCTGTGGATACAGCTATGGTTACAAACAACTGGTTCGACCCCTGG,5540,31
clonotype49,clonotype49_consensus_2,556,IGK,IGKV1D-39,None,IGKJ3,IGKC,True,True,CQQSYSTPFTF,TGTCAACAGAGTTACAGTACCCCATTCACTTTC,14445,53
clonotype4,clonotype4_consensus_1,628,IGL,IGLV3-25,None,IGLJ3,IGLC3,True,True,CQSADSSGTYGVF,TGTCAATCAGCAGACAGCAGTGGTACTTATGGGGTGTTC,7854,31
clonotype4,clonotype4_consensus_2,580,IGH,IGHV3-23,None,IGHJ4,IGHM,True,True,CAKAGDSSGYQKTYYFDYW,TGTGCGAAAGCAGGCGATAGTAGTGGTTACCAAAAGACGTACTACTTTGACTACTGG,6679,37
clonotype50,clonotype50_consensus_1,557,IGH,IGHV5-51,None,IGHJ3,IGHM,True,True,CATEDTARDLYRAAFDIW,TGTGCGACCGAGGATACAGCTAGGGATCTCTATCGAGCTGCTTTTGATATCTGG,10528,55
clonotype50,clonotype50_consensus_2,545,IGK,IGKV1-5,None,IGKJ1,IGKC,True,True,CQQYNGWTF,TGCCAACAGTATAATGGGTGGACGTTC,18693,66
clonotype51,clonotype51_consensus_1,527,IGH,IGHV4-61,None,IGHJ4,IGHM,True,True,CARGYATALSRTDYW,TGTGCGAGGGGTTACGCTACCGCCCTCTCACGCACCGACTACTGG,6612,29
clonotype51,clonotype51_consensus_2,647,IGL,IGLV2-14,None,IGLJ2,IGLC2,True,True,CSSYTSSSTLVVF,TGCAGCTCATATACAAGCAGCAGCACTCTCGTGGTATTC,16521,64
clonotype52,clonotype52_consensus_1,565,IGK,IGKV3-11,None,IGKJ4,IGKC,True,True,CQQRSNWPPTF,TGTCAGCAGCGTAGCAACTGGCCTCCCACTTTC,24027,77
clonotype52,clonotype52_consensus_2,577,IGH,IGHV3-33,IGHD2-15,IGHJ5,IGHM,True,True,CARGWSIVVVVAATFPNWFDPW,TGTGCGAGAGGATGGTCGATTGTAGTGGTGGTAGCTGCTACCTTCCCCAACTGGTTCGACCCCTGG,7113,39
clonotype53,clonotype53_consensus_1,639,IGL,IGLV3-25,None,IGLJ2,IGLC2,True,True,CQSADSSGTYKVVF,TGTCAATCAGCAGACAGCAGTGGTACTTATAAGGTGGTATTC,12939,44
clonotype53,clonotype53_consensus_2,592,IGH,IGHV3-7,None,IGHJ6,IGHM,True,True,CARVAAVRSGRVNYYYYYGMDVW,TGTGCGAGAGTCGCGGCCGTTCGTTCGGGGAGGGTGAATTACTACTACTACTACGGTATGGACGTCTGG,6402,38
clonotype54,clonotype54_consensus_1,680,IGH,IGHV3-73,None,IGHJ4,IGHG1,True,True,CASIAVAGYFNYW,TGTGCTAGTATAGCAGTGGCTGGTTATTTTAACTACTGG,943,8
clonotype54,clonotype54_consensus_2,566,IGK,IGKV4-1,None,IGKJ3,IGKC,True,True,CQQYYSTPFTF,TGTCAACAATATTATAGTACTCCATTCACTTTC,7019,24
clonotype55,clonotype55_consensus_1,561,IGK,IGKV1D-39,None,IGKJ5,IGKC,True,True,CQQSYSTPITF,TGTCAACAGAGTTACAGTACCCCCATCACCTTC,9271,34
clonotype55,clonotype55_consensus_2,562,IGH,IGHV3-23,None,IGHJ4,IGHM,True,True,CAKVFSSSWGDYW,TGTGCGAAGGTGTTTAGCAGCAGCTGGGGTGACTACTGG,1554,10
clonotype56,clonotype56_consensus_1,570,IGK,IGKV3D-15,None,IGKJ1,IGKC,True,True,CQQYNNWPPWTF,TGTCAGCAGTATAATAACTGGCCTCCGTGGACGTTC,29148,101
clonotype56,clonotype56_consensus_2,574,IGH,IGHV4-30-2,None,IGHJ2,IGHM,True,True,CASFVDTAMAIPLDYWYFDLW,TGTGCGAGCTTCGTGGATACAGCTATGGCGATACCACTGGACTACTGGTACTTCGATCTCTGG,9009,38
clonotype57,clonotype57_consensus_1,568,IGK,IGKV3-20,None,IGKJ4,IGKC,True,True,CQQYGSSPQVTF,TGTCAGCAGTATGGTAGCTCACCTCAGGTCACTTTC,30541,97
clonotype57,clonotype57_consensus_2,527,IGH,IGHV4-34,None,IGHJ2,IGHM,True,True,CARGTVTTGRGYFDLW,TGTGCGAGAGGGACGGTGACTACGGGAAGGGGGTACTTCGATCTCTGG,26563,122
clonotype58,clonotype58_consensus_1,566,IGK,IGKV4-1,None,IGKJ3,IGKC,True,True,CQQYYSTPFTF,TGTCAGCAATATTATAGTACTCCATTCACTTTC,7659,35
clonotype58,clonotype58_consensus_2,571,IGH,IGHV3-23,None,IGHJ5,IGHM,True,True,CAKDRASYYNFPIDPW,TGTGCGAAAGATCGGGCGAGTTATTATAACTTCCCAATCGACCCCTGG,4693,27
clonotype59,clonotype59_consensus_1,569,IGH,IGHV3-30,None,IGHJ6,IGHM,True,True,CAQTKLGIFGGMDVW,TGTGCGCAAACGAAGTTGGGCATCTTCGGCGGTATGGACGTCTGG,3565,20
clonotype59,clonotype59_consensus_2,554,IGK,IGKV1D-39,None,IGKJ2,IGKC,True,True,CQQSYSTPYTF,TGTCAACAGAGTTACAGTACCCCCTACACTTTT,7448,27
clonotype5,clonotype5_consensus_1,624,IGL,IGLV3-1,None,IGLJ2,IGLC2,True,True,CQAWDSSNVVF,TGTCAGGCGTGGGACAGCAGCAATGTGGTATTC,8869,34
clonotype5,clonotype5_consensus_2,590,IGH,IGHV3-15,None,IGHJ4,IGHM,True,True,CTTEALDYGANSRSPNFDYW,TGTACCACAGAAGCTTTAGACTACGGTGCTAACTCGCGATCCCCGAACTTTGACTACTGG,2934,17
clonotype60,clonotype60_consensus_1,556,IGK,IGKV1D-33,None,IGKJ1,IGKC,True,True,CQQYDNLPRTF,TGTCAACAGTATGATAATCTCCCTCGGACGTTC,35149,139
clonotype60,clonotype60_consensus_2,556,IGH,IGHV3-21,None,IGHJ4,IGHM,True,True,CARGPGYFDYW,TGTGCGAGAGGTCCGGGCTACTTTGACTACTGG,8517,42
clonotype61,clonotype61_consensus_1,567,IGH,IGHV1-8,None,IGHJ4,IGHM,True,True,CASHGVVVAATRGTPGSDYW,TGTGCGAGTCATGGGGTGGTGGTAGCTGCTACACGGGGGACTCCGGGGAGTGACTACTGG,4270,64
clonotype61,clonotype61_consensus_2,556,IGK,IGKV1D-39,None,IGKJ2,IGKC,True,True,CQQSYSTLRTF,TGTCAACAGAGTTACAGTACCCTCCGGACTTTT,3976,48
clonotype62,clonotype62_consensus_1,559,IGH,IGHV1-2,None,IGHJ3,IGHM,True,True,CASTVPSSLRAGAFDIW,TGTGCGAGTACCGTTCCTAGCAGCTTAAGGGCCGGAGCTTTTGATATCTGG,10400,52
clonotype62,clonotype62_consensus_2,566,IGK,IGKV4-1,None,IGKJ1,IGKC,True,True,CQQYYSTPRTF,TGTCAGCAATATTATAGTACTCCTCGGACGTTC,9657,37
clonotype63,clonotype63_consensus_1,627,IGL,IGLV3-9,None,IGLJ2,IGLC2,True,True,CQVWDSSTVVF,TGTCAGGTGTGGGACAGCAGCACTGTGGTATTC,12188,43
clonotype63,clonotype63_consensus_2,571,IGH,IGHV3-7,None,IGHJ6,IGHM,True,True,CARDTMGPLYYGMDVW,TGTGCGAGAGACACGATGGGCCCCCTCTACTACGGTATGGACGTCTGG,6206,33
clonotype64,clonotype64_consensus_1,559,IGH,IGHV3-23,None,IGHJ4,IGHM,True,True,CAKDLGELTDYW,TGTGCGAAAGATCTTGGGGAGTTAACGGACTACTGG,7546,32
clonotype64,clonotype64_consensus_2,650,IGL,IGLV2-14,None,IGLJ2,IGLC2,True,True,CSSYTSSSTLVVVF,TGCAGCTCATATACAAGCAGCAGCACTCTCGTTGTGGTATTC,14378,55
clonotype65,clonotype65_consensus_1,633,IGL,IGLV3-19,None,IGLJ2,IGLC2,True,True,CNSRDSSGNHVVF,TGTAACTCCCGGGACAGCAGTGGTAACCATGTGGTATTC,15572,60
clonotype65,clonotype65_consensus_2,590,IGH,IGHV3-33,None,IGHJ6,IGHM,True,True,CAKSGPPLEWFFLGYYYGMDVW,TGTGCGAAATCCGGACCCCCTTTGGAGTGGTTCTTTTTGGGGTACTACTACGGTATGGACGTCTGG,4441,22
clonotype66,clonotype66_consensus_1,636,IGL,IGLV7-43,None,IGLJ3,IGLC3,True,True,CLLYYGGAQLWVF,TGCCTGCTCTACTATGGTGGTGCTCAGCTTTGGGTGTTC,5500,22
clonotype66,clonotype66_consensus_2,596,IGH,IGHV3-30,None,IGHJ6,IGHM,True,True,CAKDATGYFDWLPYYYYYYGMDVW,TGTGCGAAAGATGCGACCGGATATTTTGACTGGTTACCATATTACTACTACTACTACGGTATGGACGTCTGG,1292,8
clonotype67,clonotype67_consensus_1,590,IGH,IGHV3-15,IGHD3-16,IGHJ4,IGHM,True,True,CTTDSPHMITFGGVIVFDYW,TGTACCACAGATTCGCCCCATATGATTACGTTTGGGGGAGTTATCGTTTTTGACTACTGG,4831,29
clonotype67,clonotype67_consensus_2,646,IGL,IGLV1-44,None,IGLJ3,IGLC2,True,True,CAAWDDSLNGGVF,TGTGCAGCATGGGATGACAGCCTGAATGGTGGGGTGTTC,16253,70
clonotype68,clonotype68_consensus_1,556,IGH,IGHV7-81,None,IGHJ4,IGHM,True,True,CARDLRPVAGTADYLDYW,TGTGCGAGAGATCTTCGGCCGGTGGCTGGTACGGCGGACTACCTCGACTACTGG,5305,26
clonotype68,clonotype68_consensus_2,567,IGK,IGKV3D-15,None,IGKJ1,IGKC,True,True,CQQYHYWPRTF,TGTCAGCAGTATCATTACTGGCCTCGGACATTC,27844,98
clonotype69,clonotype69_consensus_1,565,IGH,IGHV1-2,IGHD3-3,IGHJ6,IGHM,True,True,CARGVTIFGVVIMGGMDVW,TGTGCGAGAGGGGTTACGATTTTTGGAGTGGTTATTATGGGGGGTATGGACGTCTGG,11401,58
clonotype69,clonotype69_consensus_2,556,IGK,IGKV1D-39,None,IGKJ2,IGKC,True,True,CQQSYSTPYTF,TGTCAACAGAGTTACAGTACCCCGTACACTTTT,6021,24
clonotype6,clonotype6_consensus_1,587,IGH,IGHV3-33,None,IGHJ6,IGHM,True,True,CAKDTEVGASRYYYYYGMDVW,TGTGCGAAAGATACTGAAGTGGGAGCGAGCCGATACTACTACTACTACGGTATGGACGTCTGG,5401,25
clonotype6,clonotype6_consensus_2,568,IGK,IGKV3-20,None,IGKJ3,IGKC,True,True,CQQYGSSPPFTF,TGTCAGCAGTATGGTAGCTCACCTCCATTCACTTTC,11515,36
clonotype70,clonotype70_consensus_1,569,IGK,IGKV4-1,None,IGKJ2,IGKC,True,True,CQPYYGAPPYTF,TGTCAGCCATATTATGGTGCTCCTCCGTACACTTTT,24541,92
clonotype70,clonotype70_consensus_2,660,IGH,IGHV3-23,None,IGHJ4,IGHA2,True,True,CAKDLLSIYGSPSDYW,TGTGCGAAAGATCTCCTATCCATCTATGGTTCCCCGTCTGACTACTGG,4635,18
clonotype71,clonotype71_consensus_1,581,IGK,IGKV1D-39,None,IGKJ4,IGKC,True,True,CQQSYSPPATF,TGTCAACAGAGTTACAGTCCGCCAGCCACTTTC,52865,227
clonotype71,clonotype71_consensus_2,568,IGH,IGHV3-7,None,IGHJ4,IGHM,True,True,CTTISCSGTCYHDYW,TGTACGACTATAAGTTGTAGTGGGACCTGCTATCATGACTACTGG,18096,113
clonotype72,clonotype72_consensus_1,580,IGH,IGHV3-23,IGHD3-22,IGHJ4,IGHM,True,True,CASAWYYYDSSGYYPFDYW,TGTGCGAGTGCCTGGTATTACTATGATAGTAGTGGTTATTACCCCTTTGACTACTGG,1414,26
clonotype72,clonotype72_consensus_2,565,IGK,IGKV3-20,None,IGKJ1,IGKC,True,True,CQQYGSSPWTF,TGTCAGCAGTATGGTAGCTCACCTTGGACGTTC,4724,50
clonotype73,clonotype73_consensus_1,583,IGH,IGHV3-23,None,IGHJ4,IGHM,True,True,CVKDRSSRQLKAVGTYFDCW,TGTGTGAAAGATCGAAGCTCCCGCCAACTGAAGGCGGTAGGTACCTACTTTGACTGCTGG,2521,47
clonotype73,clonotype73_consensus_2,586,IGH,IGHV3-33,IGHD3-10,IGHJ6,IGHM,True,True,CARDQGDITMVRGVIKVYYYGMDVW,TGTGCGAGAGATCAGGGAGACATTACTATGGTTCGGGGAGTGATTAAAGTTTACTACTACGGTATGGACGTCTGG,1614,31
clonotype73,clonotype73_consensus_3,563,IGK,IGKV2-28,None,IGKJ4,IGKC,True,True,CMQALQTPLTF,TGCATGCAAGCTCTACAAACTCCGCTCACTTTC,2228,30
clonotype73,clonotype73_consensus_4,687,IGL,IGLV2-14,None,IGLJ1,IGLC1,True,True,CTSYTSSSTSYVF,TGCACCTCATATACAAGCAGCAGCACTTCTTATGTCTTC,7786,110
clonotype74,clonotype74_consensus_1,569,IGK,IGKV2-28,None,IGKJ5,IGKC,True,True,CMQALQTPITF,TGCATGCAAGCTCTACAAACTCCGATCACCTTC,7124,28
clonotype74,clonotype74_consensus_2,569,IGH,IGHV1-8,None,IGHJ5,IGHM,True,True,CAREDLLWFGERWAKNSFDPW,TGTGCGAGAGAAGATTTACTATGGTTCGGGGAGCGGTGGGCCAAGAACTCGTTCGACCCCTGG,5072,28
clonotype75,clonotype75_consensus_1,584,IGH,IGHV3-49,None,IGHJ4,IGHM,True,True,CTRVVTMIVVAQGGFDYW,TGTACTAGAGTGGTTACTATGATAGTAGTGGCCCAGGGAGGGTTTGACTACTGG,2588,20
clonotype75,clonotype75_consensus_2,712,IGL,IGLV1-44,None,IGLJ2,IGLC2,True,True,CAAWDDSLSAVVF,TGTGCAGCATGGGATGACAGCCTGAGTGCTGTGGTATTC,5245,23
clonotype76,clonotype76_consensus_1,550,IGK,IGKV1D-39,None,IGKJ4,IGKC,True,True,CQQSYSTPSF,TGTCAACAGAGTTACAGTACCCCTTCTTTC,9070,33
clonotype76,clonotype76_consensus_2,530,IGH,IGHV4-61,None,IGHJ5,IGHM,True,True,CARDKVVGARNWFDPW,TGTGCGAGAGATAAGGTAGTGGGAGCTCGCAACTGGTTCGACCCCTGG,8018,32
clonotype77,clonotype77_consensus_1,643,IGL,IGLV2-14,None,IGLJ1,IGLC1,True,True,CSSYTSSSTHVF,TGCAGCTCATATACAAGCAGCAGCACTCATGTCTTC,27871,109
clonotype77,clonotype77_consensus_2,565,IGH,IGHV1-2,IGHD3-3,IGHJ5,IGHM,True,True,CARAVLRFLEWFSNWFDPW,TGTGCGAGAGCAGTATTACGATTTTTGGAGTGGTTCTCTAACTGGTTCGACCCCTGG,12499,64
clonotype78,clonotype78_consensus_1,697,IGL,IGLV3-1,None,IGLJ2,IGLC2,True,True,CQAWDSSSVVF,TGTCAGGCGTGGGACAGCAGCTCGGTGGTATTC,7897,31
clonotype78,clonotype78_consensus_2,574,IGH,IGHV3-33,None,IGHJ6,IGHM,True,True,CARDRVVGATLYYYYYGMDVW,TGTGCGAGAGATCGAGTAGTGGGAGCTACTCTTTACTACTACTACTACGGTATGGACGTCTGG,4108,22
clonotype79,clonotype79_consensus_1,560,IGH,IGHV5-51,None,IGHJ5,IGHM,True,True,CARHEVPEMATIRGWFDPW,TGTGCGAGACATGAGGTCCCAGAGATGGCTACAATTAGGGGCTGGTTCGACCCCTGG,6454,31
clonotype79,clonotype79_consensus_2,565,IGK,IGKV3D-20,None,IGKJ3,IGKC,True,True,CQQYGSSLFTF,TGTCAGCAGTATGGTAGCTCACTTTTCACTTTC,23023,74
clonotype7,clonotype7_consensus_1,529,IGH,IGHV4-31,None,IGHJ4,IGHM,True,True,CASISMVRGEGGGYW,TGTGCCAGCATCTCTATGGTTCGGGGAGAAGGGGGGGGCTACTGG,4749,23
clonotype7,clonotype7_consensus_2,636,IGL,IGLV3-21,None,IGLJ2,IGLC2,True,True,CQVWDSSSDHPVVF,TGTCAGGTGTGGGATAGTAGTAGTGATCATCCGGTGGTATTC,3906,16
clonotype80,clonotype80_consensus_1,563,IGK,IGKV2-24,None,IGKJ4,IGKC,True,True,CMQATQFPLTF,TGCATGCAAGCTACACAATTTCCGCTCACTTTC,8712,33
clonotype80,clonotype80_consensus_2,571,IGH,IGHV3-48,None,IGHJ4,IGHM,True,True,CARDRGSGTEPDFDYW,TGTGCGAGAGATCGAGGGTCAGGAACGGAGCCTGACTTTGACTACTGG,5634,32
clonotype81,clonotype81_consensus_1,551,IGK,IGKV1-16,None,IGKJ2,IGKC,True,True,CQQYITDPFTF,TGCCAACAATACATTACTGACCCGTTCACTTTT,13569,45
clonotype81,clonotype81_consensus_2,685,IGH,IGHV3-23,None,IGHJ4,IGHG2,True,True,CARVFGSVGATRSTDYW,TGTGCGAGAGTTTTTGGGTCGGTGGGAGCTACTCGTTCTACGGACTACTGG,649,7
clonotype82,clonotype82_consensus_1,514,IGH,IGHV2-5,None,IGHJ6,IGHM,True,True,CAHSDYYEGRGMDVW,TGTGCACACAGCGACTACTATGAGGGGCGCGGTATGGACGTCTGG,9030,37
clonotype82,clonotype82_consensus_2,566,IGK,IGKV4-1,None,IGKJ2,IGKC,True,True,CQQYYSTPYTF,TGTCAGCAATATTATAGTACTCCGTACACTTTT,11945,44
clonotype8,clonotype8_consensus_1,548,IGH,IGHV1-18,None,IGHJ4,IGHM,True,True,CARADVVVVAALDYW,TGTGCGAGGGCGGACGTAGTGGTGGTAGCTGCACTTGACTACTGG,9778,41
clonotype8,clonotype8_consensus_2,566,IGK,IGKV4-1,None,IGKJ5,IGKC,True,True,CQQYYSTPITF,TGTCAGCAATATTATAGTACTCCGATCACCTTC,11136,41
clonotype9,clonotype9_consensus_1,551,IGK,IGKV1-8,None,IGKJ1,IGKC,True,True,CQQYYSYPRTF,TGTCAACAGTATTATAGTTACCCTCGGACGTTC,10563,37
clonotype9,clonotype9_consensus_2,580,IGH,IGHV3-23,IGHD2-15,IGHJ4,IGHM,True,True,CAKDFSGGEVVVVAATDYW,TGTGCGAAAGATTTTTCAGGGGGAGAGGTAGTGGTGGTAGCTGCTACCGACTACTGG,3987,24
